molecule_chembl_id,canonical_smiles,max_pchembl,n_measurements,min_document_year,active
CHEMBL101425,CCN(Cc1ccc2nc(C)[nH]c(=O)c2c1)c1ccc(C(=O)N[C@@H](CCC(=O)O)C(=O)O)c([N+](=O)[O-])c1,6.84,1,2010,1
CHEMBL102275,CCN(Cc1ccc2nc(C)[nH]c(=O)c2c1)c1ccc(C(=O)N[C@@H](CCC(=O)O)C(=O)O)c(N)c1,6.51,1,2010,1
CHEMBL102317,C#CCN(Cc1ccc2nc(C(C)C)[nH]c(=O)c2c1)c1ccc(C(=O)N[C@@H](CCC(=O)O)C(=O)O)cc1,6.21,1,2010,1
CHEMBL102469,O=C(O)CC[C@H](NC(=O)c1ccc(N(CCF)Cc2ccc3nc(CF)[nH]c(=O)c3c2)cc1)C(=O)O,6.47,1,2010,1
CHEMBL102938,C#CCN(Cc1ccc2nc(C)[nH]c(=O)c2c1)c1ccc(C(=O)N[C@@H](CCC(=O)O)C(=O)O)c(C(F)(F)F)c1,6.32,1,2010,1
CHEMBL103029,CCN(Cc1ccc2nc(CF)[nH]c(=O)c2c1)c1ccc(C(=O)N[C@@H](CCC(=O)O)C(=O)O)cc1,6.43,1,2010,1
CHEMBL103059,C#CCN(Cc1ccc2nc[nH]c(=O)c2c1)c1ccc(C(=O)N[C@@H](CCC(=O)O)C(=O)O)cc1,6.77,1,2010,1
CHEMBL104025,Cc1nc2ccc(CN(CCO)c3ccc(C(=O)N[C@@H](CCC(=O)O)C(=O)O)cc3)cc2c(=O)[nH]1,6.3,1,2010,1
CHEMBL104096,C#CCN(Cc1ccc2nc(C)[nH]c(=O)c2c1)c1ccc(C(=O)N[C@@H](CCC(=O)O)C(=O)O)c(N)c1,6.54,1,2010,1
CHEMBL104104,CC(=O)CN(Cc1ccc2nc(C)[nH]c(=O)c2c1)c1ccc(C(=O)N[C@@H](CCC(=O)O)C(=O)O)cc1,4.6,1,2010,0
CHEMBL104110,Cc1nc2ccc(CN(CCN)c3ccc(C(=O)N[C@@H](CCC(=O)O)C(=O)O)c(F)c3)cc2c(=O)[nH]1,4.93,1,2010,0
CHEMBL104230,C#CCN(Cc1ccc2nc(N)[nH]c(=O)c2c1)c1ccc(C(=O)N[C@@H](CCC(=O)O)C(=O)O)c(F)c1,8.05,1,2010,1
CHEMBL104267,Cc1nc2ccc(CNc3ccc(C(=O)N[C@@H](CCC(=O)O)C(=O)O)cc3F)cc2c(=O)[nH]1,5.03,1,2010,0
CHEMBL104358,Cc1nc2ccc(CN(CCF)c3ccc(C(=O)N[C@@H](CCC(=O)O)C(=O)O)c(F)c3)cc2c(=O)[nH]1,7.37,1,2010,1
CHEMBL104410,C#CCN(Cc1ccc2nc(CO)[nH]c(=O)c2c1)c1ccc(C(=O)N[C@@H](CCC(=O)O)C(=O)O)c(F)c1,7.24,1,2010,1
CHEMBL104483,CCN(Cc1ccc2nc(CO)[nH]c(=O)c2c1)c1ccc(C(=O)N[C@@H](CCC(=O)O)C(=O)O)cc1,6.58,1,2010,1
CHEMBL104533,Cc1nc2ccc(CNc3ccc(C(=O)N[C@@H](CCC(=O)O)C(=O)O)c(F)c3)cc2c(=O)[nH]1,5.42,1,2010,0
CHEMBL104624,Cc1nc2ccc(CN(CCO)c3ccc(C(=O)N[C@@H](CCC(=O)O)C(=O)O)cc3F)cc2c(=O)[nH]1,5.45,1,2010,0
CHEMBL104638,CN(Cc1ccc2nc(CF)[nH]c(=O)c2c1)c1ccc(C(=O)N[C@@H](CCC(=O)O)C(=O)O)cc1,5.54,1,2010,0
CHEMBL104670,Cc1nc2ccc(CN(CCCO)c3ccc(C(=O)N[C@@H](CCC(=O)O)C(=O)O)cc3F)cc2c(=O)[nH]1,6.01,1,2010,1
CHEMBL104694,COCCCN(Cc1ccc2nc(C)[nH]c(=O)c2c1)c1ccc(C(=O)N[C@@H](CCC(=O)O)C(=O)O)cc1,4.89,1,2010,0
CHEMBL104748,Cc1nc2ccc(CN(CCCO)c3ccc(C(=O)N[C@@H](CCC(=O)O)C(=O)O)cc3)cc2c(=O)[nH]1,6.27,1,2010,1
CHEMBL104759,Cc1nc2ccc(CN(CCF)c3ccc(C(=O)N[C@@H](CCC(=O)O)C(=O)O)cc3)cc2c(=O)[nH]1,6.62,1,2010,1
CHEMBL104846,O=C(O)CC[C@H](NC(=O)c1ccc(N(CCF)Cc2ccc3nc(CO)[nH]c(=O)c3c2)cc1)C(=O)O,6.66,1,2010,1
CHEMBL104851,Cc1nc2ccc(CN(CCCO)c3ccc(C(=O)N[C@@H](CCC(=O)O)C(=O)O)c(F)c3)cc2c(=O)[nH]1,6.23,1,2010,1
CHEMBL104856,CCN(Cc1ccc2nc(C)[nH]c(=O)c2c1)c1ccc(C(=O)N[C@@H](CCC(=O)O)C(=O)O)c(F)c1,7.35,1,2010,1
CHEMBL104871,CCN(Cc1ccc2nc(C)[nH]c(=O)c2c1)c1ccc(C(=O)N[C@@H](CCC(=O)O)C(=O)O)c(C)c1,6.5,1,2010,1
CHEMBL105026,C#CCN(Cc1ccc2nc(OC)[nH]c(=O)c2c1)c1ccc(C(=O)N[C@@H](CCC(=O)O)C(=O)O)c(F)c1,7.44,1,2010,1
CHEMBL105045,C=CCN(Cc1ccc2nc(CO)[nH]c(=O)c2c1)c1ccc(C(=O)N[C@@H](CCC(=O)O)C(=O)O)cc1,6.04,1,2010,1
CHEMBL105150,Cc1nc2ccc(CN(CCF)c3ccc(C(=O)N[C@@H](CCC(=O)O)C(=O)O)cc3F)cc2c(=O)[nH]1,5.76,1,2010,0
CHEMBL105208,C=CCN(Cc1ccc2nc(C)[nH]c(=O)c2c1)c1ccc(C(=O)N[C@@H](CCC(=O)O)C(=O)O)cc1F,5.29,1,2010,0
CHEMBL105260,Cc1nc2ccc(CN(CCS)c3ccc(C(=O)N[C@@H](CCC(=O)O)C(=O)O)cc3)cc2c(=O)[nH]1,5.75,1,2010,0
CHEMBL105370,C#CCN(Cc1ccc2nc(CC)[nH]c(=O)c2c1)c1ccc(C(=O)N[C@@H](CCC(=O)O)C(=O)O)cc1,6.85,1,2010,1
CHEMBL105384,CCN(Cc1ccc2nc(C)[nH]c(=O)c2c1)c1ccc(C(=O)N[C@@H](CCC(=O)O)C(=O)O)cc1F,6.17,1,2010,1
CHEMBL105425,Cc1nc2ccc(CN(CCO)c3ccc(C(=O)N[C@@H](CCC(=O)O)C(=O)O)c(F)c3)cc2c(=O)[nH]1,7.11,1,2010,1
CHEMBL105426,CCc1nc2ccc(CNc3ccc(C(=O)N[C@@H](CCC(=O)O)C(=O)O)cc3)cc2c(=O)[nH]1,4.7,1,2010,0
CHEMBL105435,CCN(Cc1ccc2nc(C)[nH]c(=O)c2c1)c1ccc(C(=O)N[C@@H](CCC(=O)O)C(=O)O)c(OC)c1,6.72,1,2010,1
CHEMBL105519,O=C(O)CC[C@H](NC(=O)c1ccc(N(CCO)Cc2ccc3nc(CO)[nH]c(=O)c3c2)cc1)C(=O)O,6.11,1,2010,1
CHEMBL105597,Cc1nc2ccc(CN(C)c3ccc(C(=O)N[C@@H](CCC(=O)O)C(=O)O)c(N)c3)cc2c(=O)[nH]1,6.07,1,2010,1
CHEMBL105726,C#CCN(Cc1ccc2nc(CNC(C)=O)[nH]c(=O)c2c1)c1ccc(C(=O)N[C@@H](CCC(=O)O)C(=O)O)cc1,6.32,1,2010,1
CHEMBL105899,CCN(Cc1ccc2nc(C)[nH]c(=O)c2c1)c1ccc(C(=O)N[C@@H](CCC(=O)O)C(=O)O)c(Cl)c1,6.92,1,2010,1
CHEMBL106699,Nc1nc(N)c2c(CNCc3ccc(C(=O)N[C@@H](CCC(=O)O)C(=O)O)cc3)coc2n1,4.2,1,1995,0
CHEMBL1093099,Nc1nc(N)c2c(n1)[nH]c1cccc(Sc3ccccc3)c12,6.27,2,2010,1
CHEMBL1093100,Cc1ccc(Sc2cccc3[nH]c4nc(N)nc(N)c4c23)cc1,6.41,2,2010,1
CHEMBL1094274,Cc1nc2ccc(CN(CCF)c3cnc(C(=O)N[C@@H](CCC(=O)O)C(=O)O)s3)cc2c(=O)[nH]1,6.72,1,2010,1
CHEMBL1094275,Cc1nc2ccc(CN(CCO)c3cnc(C(=O)N[C@@H](CCC(=O)O)C(=O)O)s3)cc2c(=O)[nH]1,6.38,1,2010,1
CHEMBL1095264,C#CCN(Cc1ccc2nc(C)[nH]c(=O)c2c1)c1ccc(C(=O)N[C@@H](CCC(=O)O)C(=O)O)s1,6.36,1,2010,1
CHEMBL1095266,CCN(Cc1ccc2nc(C)[nH]c(=O)c2c1)c1ccc(C(=O)N[C@@H](CCC(=O)O)C(=O)O)s1,6.24,1,2010,1
CHEMBL1095267,Cc1nc2ccc(CN(CCO)c3ccc(C(=O)N[C@@H](CCC(=O)O)C(=O)O)s3)cc2c(=O)[nH]1,5.92,1,2010,0
CHEMBL1095593,Cc1nc2ccc(CN(CCCO)c3ccc(C(=O)N[C@@H](CCC(=O)O)C(=O)O)s3)cc2c(=O)[nH]1,5.47,1,2010,0
CHEMBL1095594,Cc1nc2ccc(CN(CC#N)c3ccc(C(=O)N[C@@H](CCC(=O)O)C(=O)O)s3)cc2c(=O)[nH]1,5.51,1,2010,0
CHEMBL1095919,C#CCN(Cc1ccc2nc(C)[nH]c(=O)c2c1)c1cnc(C(=O)N[C@@H](CCC(=O)O)C(=O)O)s1,6.64,1,2010,1
CHEMBL1096259,Cc1nc2[nH]c(C)c(Sc3ccncc3)c2c(=O)[nH]1,6.47,1,2010,1
CHEMBL1096899,Cc1nc2ccc(CN(CCF)c3ccc(C(=O)N[C@@H](CCC(=O)O)C(=O)O)s3)cc2c(=O)[nH]1,6.26,1,2010,1
CHEMBL1097201,Cc1nc2ccc(CN(CCCO)c3cnc(C(=O)N[C@@H](CCC(=O)O)C(=O)O)s3)cc2c(=O)[nH]1,5.76,1,2010,0
CHEMBL1097231,Cc1nc2ccc(CNc3cnc(C(=O)N[C@@H](CCC(=O)O)C(=O)O)s3)cc2c(=O)[nH]1,5.15,1,2010,0
CHEMBL1097597,CCN(Cc1ccc2nc(C)[nH]c(=O)c2c1)c1ncc(C(=O)N[C@@H](CCC(=O)O)C(=O)O)s1,6.12,1,2010,1
CHEMBL1097598,Cc1nc2ccc(CN(C)c3cnc(C(=O)N[C@@H](CCC(=O)O)C(=O)O)s3)cc2c(=O)[nH]1,6.38,1,2010,1
CHEMBL1097599,CCN(Cc1ccc2nc(C)[nH]c(=O)c2c1)c1cnc(C(=O)N[C@@H](CCC(=O)O)C(=O)O)s1,6.64,1,2010,1
CHEMBL1097931,CCN(Cc1ccc2nc(C)[nH]c(=O)c2c1)c1nnc(C(=O)N[C@@H](CCC(=O)O)C(=O)O)s1,6.03,1,2010,1
CHEMBL109881,Cc1ccc2nc(N)nc(O)c2c1Sc1ccc(C(=O)N[C@H](C(=O)O)c2cccc(O)c2)cc1,8.52,1,2018,1
CHEMBL1098901,CCCN(Cc1ccc2nc(C)[nH]c(=O)c2c1)c1ccc(C(=O)N[C@@H](CCC(=O)O)C(=O)O)s1,5.73,1,2010,0
CHEMBL1099239,C=CCN(Cc1ccc2nc(C)[nH]c(=O)c2c1)c1ccc(C(=O)N[C@@H](CCC(=O)O)C(=O)O)s1,5.78,1,2010,0
CHEMBL1099256,C=CCN(Cc1ccc2nc(C)[nH]c(=O)c2c1)c1cnc(C(=O)N[C@@H](CCC(=O)O)C(=O)O)s1,5.97,1,2010,0
CHEMBL111859,Cc1ccc2nc(N)nc(O)c2c1Sc1ccc(C(=O)N[C@H](C(=O)O)c2ccccc2)cc1,8.52,1,2018,1
CHEMBL113019,COC(=O)[C@@H](NC(=O)c1ccc(Sc2c(C)ccc3nc(N)nc(O)c23)cc1)c1cccc(O)c1,8.52,1,2018,1
CHEMBL114987,C#CCN(Cc1cnc2nc(N)nc(O)c2c1)c1ccc(C(=O)NC(CCC(=O)O)C(=O)O)cc1,7.05,1,1992,1
CHEMBL1160054,CCCN(Cc1ccc2nc(N)nc(O)c2c1)c1ccc(C(=O)NC(CCC(=O)O)C(=O)O)cc1,7.17,1,1992,1
CHEMBL1160181,C#CN(Cc1ccc2nc(N)nc(O)c2c1)c1ccc(C(=O)NC(CCC(=O)O)C(=O)NC(CCC(=O)NC(CCC(=O)NC(CCC(=O)NC(CCC(=O)O)C(=O)O)C(=O)O)C(=O)O)C(=O)O)cc1,8.2,1,1986,1
CHEMBL1160188,C#CN(Cc1ccc2nc(N)nc(O)c2c1)c1ccc(C(=O)NC(CCC(=O)NC(CCC(=O)NC(CCC(=O)O)C(=O)O)C(=O)O)C(=O)O)cc1,8.26,1,1986,1
CHEMBL1160189,C#CN(Cc1ccc2nc(N)nc(O)c2c1)c1ccc(C(=O)NC(CCC(=O)O)C(=O)NC(CCC(=O)O)C(=O)O)cc1,8.0,1,1986,1
CHEMBL1160192,C#CN(Cc1ccc2nc(N)nc(O)c2c1)c1ccc(C(=O)NC(CCC(=O)O)C(=O)NC(CCC(=O)NC(CCC(=O)NC(CCC(=O)O)C(=O)O)C(=O)O)C(=O)O)cc1,8.33,1,1986,1
CHEMBL1160200,C#CN(Cc1ccc2nc(N)nc(O)c2c1)c1ccc(C(=O)NC(CCC=O)C(=O)O)cc1,8.0,1,1986,1
CHEMBL1161227,O=c1nc(NO)ccn1[C@H]1C[C@H](O)[C@@H](COP(=O)(O)O)O1,6.0,1,1984,1
CHEMBL1161432,CN(CC1CNc2nc(N)[nH]c(=O)c2N1Cc1c[nH]c(=O)[nH]c1=O)c1ccc(C(=O)NC(CCC(=O)O)C(=O)O)cc1,6.12,1,1989,1
CHEMBL116589,Nc1nc(O)c2c(n1)CCc1cc(S(=O)(=O)Nc3ccc(C(=O)N[C@@H](CCC(=O)O)C(=O)O)cc3)ccc1-2,7.24,1,1993,1
CHEMBL117335,Cc1nc(O)c2c(ccc3c(S(=O)(=O)Nc4ccc(C(=O)N[C@@H](CCC(=O)O)C(=O)O)cc4)cccc32)n1,5.13,1,1993,0
CHEMBL117611,Nc1nc(O)c2c(n1)CCc1cc(Br)c(S(=O)(=O)Nc3ccc(C(=O)N[C@@H](CCC(=O)O)C(=O)O)cc3)cc1-2,7.1,1,1993,1
CHEMBL117687,Cc1nc(O)c2c(n1)CCc1ccc(S(=O)(=O)N(C)c3ccc(C(=O)N[C@@H](CCC(=O)O)C(=O)O)cc3)cc1-2,4.78,1,1993,0
CHEMBL1229792,Cc1cccc2c1C(=O)N(c1ccc(C(=O)O)c(O)c1)C2=O,4.37,1,2011,0
CHEMBL1230579,O=P(O)(O)CCCP(=O)(O)O,6.58,2,2010,1
CHEMBL1231545,Cc1cccc2c1C(=O)N(c1cc(-c3ccccc3)ccc1O)C2=O,4.09,1,2011,0
CHEMBL123446,C#CCN(Cc1cc2c(O)nc(C)nc2cc1Br)c1ccc(C(=O)NCc2cccnc2)cc1,6.81,1,2010,1
CHEMBL1253498,C#CCN(c1ccc(C(=O)N[C@@H](CCC(=O)N[C@H](CCC(=O)O)C(=O)O)C(=O)O)cc1)C1CCc2cc3nc(CO)[nH]c(=O)c3cc21,8.92,1,2010,1
CHEMBL1275878,Clc1nc2ccccc2n2c(-c3ccccc3)nnc12,5.0,1,2010,0
CHEMBL138500,CC1=C(Sc2ccncc2)C2C(=O)NC(N)=NC2N1,6.47,1,1995,1
CHEMBL140323,COc1ccc(Sc2c(C)[nH]c3nc(N)nc(O)c23)cc1OC,5.62,1,1996,0
CHEMBL141118,Cc1[nH]c2nc(N)nc(O)c2c1Sc1ccc2ccccc2c1,5.7,1,1996,0
CHEMBL141869,Cc1[nH]c2nc(N)nc(O)c2c1Sc1ccccc1,4.52,2,1996,0
CHEMBL142176,Cc1[nH]c2nc(N)nc(O)c2c1Sc1ccc(Cl)cc1,6.0,4,1996,1
CHEMBL1479195,O=C1OCc2cccc3cccc1c23,4.33,1,2013,0
CHEMBL154935,CCc1[nH]c(N)nc2nc(C)c(CCc3ccc(C(=O)N[C@@H](CCC(=O)O)C(=O)O)cc3)c1-2,5.05,1,2003,0
CHEMBL156551,CN(Cc1ccc(C(=O)NC(CCC(=O)O)C(=O)O)cc1)c1cnc2nc(N)nc(O)c2c1,6.32,1,1991,1
CHEMBL157434,CCc1[nH]c(N)nc2ncc(CCc3ccc(C(=O)N[C@@H](CCC(=O)O)C(=O)O)cc3)c1-2,4.1,1,2003,0
CHEMBL157702,C#CCN(Cc1ccc2nc(C)nc(O)c2c1)c1ccc([S+]([O-])c2ccccc2C)c(C(F)(F)F)c1,6.58,4,1997,1
CHEMBL157775,Nc1nc(O)c2cc(N(C=O)Cc3ccc(C(=O)NC(CCC(=O)O)C(=O)O)cc3)cnc2n1,4.54,1,1991,0
CHEMBL157857,Nc1nc(O)c2cc(NCc3ccc(C(=O)NC(CCC(=O)O)C(=O)O)cc3)cnc2n1,5.15,1,1991,0
CHEMBL158542,C#CCN(Cc1ccc2nc(C)nc(O)c2c1)c1ccc(S(=O)(=O)c2ccccc2)c(F)c1,7.7,4,1997,1
CHEMBL158790,CN(Cc1ccc2nc(N)nc(O)c2n1)c1ccc(C(=O)N[C@@H](CCC(=O)O)C(=O)O)cc1,5.6,1,1987,0
CHEMBL158990,CN(Cc1cnc2[nH]c(N)nc(=O)c2n1)c1ccc(C(=O)N[C@@H](CCC(=O)O)C(=O)O)cc1,6.0,1,1987,1
CHEMBL159144,C#CCN(Cc1ccc2nc(C)nc(O)c2c1)c1ccc(S(=O)(=O)c2ccccc2C)c(C(F)(F)F)c1,6.82,4,1997,1
CHEMBL159209,C#CCN(Cc1ccc2nc(C)nc(O)c2c1)c1ccc([S+]([O-])c2ccccc2C)cc1,7.35,4,1997,1
CHEMBL159213,C#CCN(Cc1ccc2nc(C)nc(O)c2c1)c1ccc(S(=O)(=O)c2ccccc2Cl)cc1,7.68,4,1997,1
CHEMBL159364,C#CCN(Cc1ccc2nc(C)nc(O)c2c1)c1ccc(S(=O)(=O)c2ccccc2C)cc1,7.58,4,1997,1
CHEMBL160215,C#CCN(Cc1ccc2nc(C)nc(O)c2c1)c1ccc([S+]([O-])c2ccccc2)c(Cl)c1,7.57,4,1997,1
CHEMBL161025,C#CCN(Cc1ccc2nc(C)nc(O)c2c1)c1ccc([S+]([O-])c2ccccc2)c(F)c1,7.3,4,1997,1
CHEMBL161265,Nc1nc(O)c2nc(CNc3ccc(C(=O)N[C@@H](CCC(=O)O)C(=O)O)cc3)ccc2n1,4.26,1,1987,0
CHEMBL161450,C#CCN(Cc1ccc2nc(C)nc(O)c2c1)c1ccc([S+]([O-])c2ccccc2)c(C(F)(F)F)c1,7.16,4,1997,1
CHEMBL161457,C#CCN(Cc1ccc2nc(N)nc(O)c2n1)c1ccc(C(=O)N[C@@H](CCC(=O)O)C(=O)O)cc1,5.62,1,1987,0
CHEMBL161567,C#CN(Cc1cnc2nc(N)nc(N)c2n1)c1ccc(C(=O)NC(CCC(=O)O)C(=O)O)cc1,4.7,1,1987,0
CHEMBL161685,C#CCN(Cc1ccc2nc(C)nc(O)c2c1)c1ccc([S+]([O-])c2ccccc2Cl)cc1,7.34,4,1997,1
CHEMBL162076,C#CCN(Cc1ccc2nc(C)nc(O)c2c1)c1ccc(S(=O)(=O)c2ccccc2)c(Cl)c1,7.62,4,1997,1
CHEMBL162145,Nc1nc(O)c2c(Sc3ccncc3)c(Cl)ccc2n1,7.75,2,1993,1
CHEMBL1622,Nc1nc(=O)c2nc(CNc3ccc(C(=O)N[C@@H](CCC(=O)O)C(=O)O)cc3)cnc2[nH]1,4.4,1,1987,0
CHEMBL162498,Cc1nc(O)c2c(Sc3cccnc3)c(C)ccc2n1,6.51,2,1993,1
CHEMBL162613,Cc1nc(O)c2c(Sc3ccc([N+](=O)[O-])cc3)c(C)ccc2n1,7.25,2,1993,1
CHEMBL162754,C#CCN(Cc1ccc2nc(C)nc(O)c2c1)c1ccc([S+]([O-])c2ccccc2)cc1,7.21,4,1997,1
CHEMBL163096,Cc1nc(O)c2c(Sc3ccncc3)cccc2n1,6.02,2,1993,1
CHEMBL163410,Cc1nc(O)c2c(Sc3ccnc(C(F)(F)F)c3)c(C)ccc2n1,7.16,2,1993,1
CHEMBL163411,COc1cc(Sc2c(C)ccc3nc(C)nc(O)c23)ccn1,7.43,2,1993,1
CHEMBL164289,COc1ccc2nc(C)nc(O)c2c1Sc1ccncc1,6.58,2,1993,1
CHEMBL164569,Cc1nc(O)c2c(Sc3ccncc3)c(O)ccc2n1,5.06,2,1993,0
CHEMBL164624,Cc1nc(O)c2c(Sc3ccnnc3)c(C)ccc2n1,7.06,2,1993,1
CHEMBL165453,Cc1nc(O)c2c(Sc3ccc(C(=O)O)cc3)c(C)ccc2n1,7.19,2,1993,1
CHEMBL166027,Cc1ccc2nc(N)nc(O)c2c1Sc1ccc(C(=O)N[C@H](CCC(=O)O)C(=O)O)cc1,9.91,1,1993,1
CHEMBL166369,Cc1nc(O)c2c(Sc3ccc(C(=O)N[C@H](CCC(=O)O)C(=O)O)cc3)c(C)ccc2n1,8.88,1,1993,1
CHEMBL167164,Cc1nc(O)c2c(ccc3ccc(CNc4ccc5c(=O)n([C@@H](CCC(=O)O)C(=O)O)sc5c4)cc32)n1,8.4,1,1994,1
CHEMBL168367,Cc1nc(O)c2c(ccc3ccc(CN(C)c4ccc(C(=O)N[C@@H](CCC(=O)O)C(=O)O)cc4)cc32)n1,7.66,1,1994,1
CHEMBL168524,Nc1nc2cc3c(cc2[nH]1)N(Cc1ccc(S(=O)(=O)N2CCOCC2)cc1)CCC3,8.22,1,1992,1
CHEMBL168907,Cc1nc(O)c2c(ccc3ccc(CNc4ccc(C(=O)N[C@@H](CCC(=O)O)C(=O)O)cc4)cc32)n1,9.36,1,1994,1
CHEMBL169411,Nc1nc2cc3c(cc2[nH]1)N(Cc1ccc(C(=O)NC(CCC(=O)O)C(=O)O)cc1)CCC3,7.96,1,1992,1
CHEMBL169506,Cc1nc(O)c2c(ccc3ccc(CNc4ccc(C(=O)N[C@@H](CCC(=O)O)C(=O)O)s4)cc32)n1,8.96,1,1994,1
CHEMBL169726,CNc1nc2cc3c(cc2[nH]1)N(Cc1ccc(S(=O)(=O)c2ccccc2)cc1)CCC3,6.11,1,1992,1
CHEMBL169727,COc1ccc(S(=O)(=O)c2ccc(CN3CCCc4cc5[nH]c(C)nc5cc43)cc2)cc1,6.36,1,1992,1
CHEMBL169896,Cc1nc2ccc3ccc(CNc4ccc5c(c4)CN([C@@H](CCC(=O)O)C(=O)O)C5=O)cc3c2c(=O)[nH]1,10.05,3,1994,1
CHEMBL169921,Nc1nc2cc3c(cc2[nH]1)N(Cc1ccc(S(=O)(=O)c2ccc(O)cc2)cc1)CCC3,7.7,1,1992,1
CHEMBL169981,C#CCN(Cc1ccc2nc(C)[nH]c(=O)c2c1)c1ccc(C(=O)N[C@@H](CCC(=O)O)C(=O)O)c(F)c1,7.7,1,2010,1
CHEMBL171057,COc1ccc(S(=O)(=O)c2ccc(CN3CCCc4cc5c(cc43)nc(N)n5C)cc2)cc1,7.29,1,1992,1
CHEMBL171314,COc1ccc(S(=O)(=O)c2ccc(CN3CCCc4cc5[nH]c(N)nc5cc43)cc2)cc1,7.62,1,1992,1
CHEMBL171480,C#CCN(Cc1ccc2ncnc(O)c2c1)c1ccc(C(=O)NC(CCC(=O)O)C(=O)O)cc1,7.58,1,1991,1
CHEMBL172176,CSc1nc2cc3c(cc2[nH]1)N(Cc1ccc(S(=O)(=O)c2ccccc2)cc1)CCC3,5.38,1,1992,0
CHEMBL1738740,Nc1nc2sc3cccc(CNc4ccc5c(c4)CN([C@@H](CCC(=O)O)C(=O)O)C5=O)c3c2c(=O)[nH]1,7.47,1,2011,1
CHEMBL1738741,Nc1nc2sc3cccc(CNc4ccc(C(=O)N[C@@H](CCC(=O)O)C(=O)O)cc4)c3c2c(=O)[nH]1,7.17,1,2011,1
CHEMBL176072,CN(C)c1cccc2c(S(=O)(=O)N[C@@H](Cc3ccc(OS(=O)(=O)c4cccc5c(N(C)C)cccc45)cc3)C(=O)O)cccc12,4.31,1,2005,0
CHEMBL1791078,COC(=O)[C@@H](NP(=O)(O)OC[C@H]1O[C@@H](n2cc(F)c(=O)[nH]c2=O)C[C@@H]1O)C1C=Nc2ccccc21,6.05,2,1996,1
CHEMBL179448,CN(C)c1cccc2c(S(=O)(=O)Oc3ccc(C[C@H](NS(=O)(=O)c4cc5nnoc5c5ccccc45)C(=O)O)cc3)cccc12,8.82,1,2005,1
CHEMBL1801872,C#CCN(Cc1cc2c(=O)[nH]c(C)nc2cc1Br)c1ccc(C(=O)NCc2ccccn2)cc1,6.81,1,2010,1
CHEMBL1801873,C#CCN(Cc1cc2c(=O)[nH]c(C)nc2cc1Br)c1ccc(C(=O)NCc2ccncc2)cc1,6.81,1,2010,1
CHEMBL1814081,Cc1cccc2c1C(=O)N(c1ccc(C(=O)NCC(=O)O)cc1)C2=O,4.22,1,2011,0
CHEMBL1814083,Cc1cccc2c1C(=O)N(c1cccc(C(=O)O)c1)C2=O,4.52,1,2011,0
CHEMBL1814089,COCCCNCc1cccc2c1C(=O)N(C)C2=O,4.32,1,2011,0
CHEMBL1814091,CN1C(=O)c2cccc(CNc3ccc(S(=O)(=O)O)cc3)c2C1=O,4.68,1,2011,0
CHEMBL1818548,Cc1nc2sc3cccc(CNc4ccc(C(=O)N[C@@H](CCC(=O)O)C(=O)O)cc4)c3c2c(=O)[nH]1,6.58,1,2011,1
CHEMBL1818549,Cc1nc2sc3cccc(CNc4ccc5c(c4)CN([C@@H](CCC(=O)O)C(=O)O)C5=O)c3c2c(=O)[nH]1,6.1,1,2011,1
CHEMBL195355,Cc1[nH]c2nc(N)nc(O)c2c1Sc1ccc(Br)c([N+](=O)[O-])c1,6.68,1,2005,1
CHEMBL195578,Cc1[nH]c2nc(N)nc(O)c2c1Sc1ccc(OC(F)(F)F)cc1,5.64,1,2005,0
CHEMBL195782,Cc1[nH]c2nc(N)nc(O)c2c1Sc1ccc(Br)cc1,6.34,1,2005,1
CHEMBL195867,Cc1[nH]c2nc(N)nc(O)c2c1Sc1ccc(C#N)cc1,6.55,1,2005,1
CHEMBL196235,Cc1[nH]c2nc(N)nc(O)c2c1Sc1cc(Cl)cc(Cl)c1,5.62,1,2005,0
CHEMBL196706,Cc1[nH]c2nc(N)nc(O)c2c1Sc1cc(F)cc(F)c1,5.57,1,2005,0
CHEMBL201617,CCc1[nH]c2nc(N)nc(O)c2c1Sc1ccc([N+](=O)[O-])cc1,6.62,1,2006,1
CHEMBL201618,CCc1[nH]c2nc(N)nc(O)c2c1Sc1cccc(Cl)c1,5.58,1,2006,0
CHEMBL201941,CCc1[nH]c2nc(N)nc(O)c2c1Sc1ccc(Cl)c(Cl)c1,6.64,1,2006,1
CHEMBL202098,CCc1[nH]c2nc(N)nc(O)c2c1Sc1c(C)cccc1C,4.58,1,2006,0
CHEMBL202176,CCc1[nH]c2nc(N)nc(O)c2c1Sc1cccc(Br)c1,5.96,1,2006,0
CHEMBL202337,CCc1[nH]c2nc(N)nc(O)c2c1Sc1ccc2ccccc2c1,5.25,1,2006,0
CHEMBL211312,O=c1ccn([C@H]2C[C@H](O)[C@@H](COP(=O)(O)O)O2)c(=O)[nH]1,5.52,1,1984,0
CHEMBL217760,O=C1OC(c2ccc(O)c(Cl)c2)(c2ccc(O)c(Cl)c2)c2ccc3ccccc3c21,4.47,1,2006,0
CHEMBL2178602,COC(=O)C1CCN(C(=O)c2ccc(N(CCO)Cc3cnc4nc(N)nc(N)c4n3)cc2)CC1,4.19,1,2012,0
CHEMBL2180552,CCCCCn1c(=O)c(C(=O)Nc2ccc(N)cc2)c(O)c2ccccc21,4.15,1,2012,0
CHEMBL2180553,O=C(CC1S/C(=N\N=C\c2ccccc2O)N=C1O)Nc1cccc(C(F)(F)F)c1,5.89,3,2012,0
CHEMBL224868,Cc1[nH]c2nc(N)[nH]c(=O)c2c1Sc1ccc(C(=O)N[C@@H](CCC(=O)O)C(=O)O)c(Cl)c1,7.29,1,2004,1
CHEMBL224974,Cc1c(Sc2ccc(C(=O)N[C@@H](CCC(=O)O)C(=O)O)cc2)[nH]c2nc(N)[nH]c(=O)c12,4.0,1,2005,0
CHEMBL225071,Cc1nc(=O)c2cc(CN(C)c3ccc(C(=O)N[C@@H](CCC(=O)O)C(=O)O)s3)ccc2[nH]1,8.05,18,1996,1
CHEMBL225072,Nc1nc2[nH]cc(CCc3ccc(C(=O)N[C@@H](CCC(=O)O)C(=O)O)cc3)c2c(=O)[nH]1,8.89,25,2001,1
CHEMBL225180,Cc1[nH]c2nc(N)[nH]c(=O)c2c1Sc1ccc(C(=O)N[C@@H](CCC(=O)O)C(=O)O)cc1,7.38,5,2004,1
CHEMBL22973,Nc1nc(O)c2cc(CNc3ccc(C(=O)N[C@@H](CCC(=O)O)C(=O)O)cc3)ccc2n1,5.57,1,1987,0
CHEMBL2323362,Cn1cc(-c2ccc(S(=O)(=O)Nc3cc4c5c(cccc5c3)C(=O)OC4=O)s2)cc1C(F)(F)F,6.1,1,2013,1
CHEMBL2323363,O=C1Oc2cccc3cccc1c23,5.38,1,2013,0
CHEMBL2323364,O=C1Sc2cccc3cccc1c23,5.51,1,2013,0
CHEMBL2323367,Cc1ccc2c3c(cccc13)C(=O)CC2,5.51,1,2013,0
CHEMBL2323368,CC1(C)C(=O)c2cccc3cccc(c23)C1=O,4.48,1,2013,0
CHEMBL2323370,O=C1OC(=O)c2ccc(Cl)c3cccc1c23,5.14,1,2013,0
CHEMBL2323371,O=C(O)c1ccc2c3c(cccc13)C(=O)OC2=O,5.7,1,2013,0
CHEMBL2323374,CCOC(=O)CSc1ccc2c3c(cccc13)C(=O)OC2=O,4.92,1,2013,0
CHEMBL2323378,O=C(Nc1cc2c3c(cccc3c1)C(=O)OC2=O)c1cccc([N+](=O)[O-])c1,5.64,1,2013,0
CHEMBL2323379,O=C(Nc1cc2c3c(cccc3c1)C(=O)OC2=O)c1ccc([N+](=O)[O-])cc1,4.76,1,2013,0
CHEMBL2323382,O=C(Nc1cc2c3c(cccc3c1)C(=O)OC2=O)c1cccc(C(F)(F)F)c1,4.35,1,2013,0
CHEMBL2323383,O=C(Nc1cc2c3c(cccc3c1)C(=O)OC2=O)c1ccc(Cl)c([N+](=O)[O-])c1,4.59,1,2013,0
CHEMBL2323384,O=C(Nc1cc2c3c(cccc3c1)C(=O)OC2=O)c1ccc([N+](=O)[O-])o1,4.91,1,2013,0
CHEMBL2323385,O=C(Cc1cccs1)Nc1cc2c3c(cccc3c1)C(=O)OC2=O,4.86,1,2013,0
CHEMBL2323387,COC(=O)CCC(=O)Nc1cc2c3c(cccc3c1)C(=O)OC2=O,4.79,1,2013,0
CHEMBL2323388,O=C1OC(=O)c2cc(NS(=O)(=O)c3ccccc3)cc3cccc1c23,6.52,1,2013,1
CHEMBL2323389,O=C1OC(=O)c2cc(NS(=O)(=O)c3cccc([N+](=O)[O-])c3)cc3cccc1c23,5.96,1,2013,0
CHEMBL2323390,O=C1OC(=O)c2cc(NS(=O)(=O)c3ccc([N+](=O)[O-])cc3)cc3cccc1c23,5.89,1,2013,0
CHEMBL2323391,O=C1OC(=O)c2cc(NS(=O)(=O)c3cccs3)cc3cccc1c23,6.3,1,2013,1
CHEMBL2323392,O=C1OC(=O)c2cc(NS(=O)(=O)c3ccc(C(F)(F)F)cc3[N+](=O)[O-])cc3cccc1c23,6.05,1,2013,1
CHEMBL2323393,O=C1OC(=O)c2cc(NS(=O)(=O)c3ccc(S(=O)(=O)c4ccccc4)s3)cc3cccc1c23,5.89,1,2013,0
CHEMBL2323394,O=C1OC(=O)c2cc(NS(=O)(=O)c3cc(Cl)sc3Cl)cc3cccc1c23,5.92,1,2013,0
CHEMBL2323395,O=C1OC(=O)c2cc(NS(=O)(=O)c3cccc4ccccc34)cc3cccc1c23,6.1,1,2013,1
CHEMBL2323396,O=C1OC(=O)c2cc(NS(=O)(=O)c3cccc4cccnc34)cc3cccc1c23,6.52,1,2013,1
CHEMBL2323397,O=C1OC(=O)c2cc(NS(=O)(=O)c3cccc4nsnc34)cc3cccc1c23,5.3,1,2013,0
CHEMBL2323398,O=C(Nc1cc2c3c(cccc3c1)C(=O)OC2=O)c1ccc2c(c1)OCO2,4.24,1,2013,0
CHEMBL2323402,Cc1onc(-c2c(F)cccc2Cl)c1C(=O)Nc1cc2c3c(cccc3c1)C(=O)OC2=O,4.59,1,2013,0
CHEMBL2323403,O=C1OC(=O)c2cc(NS(=O)(=O)/C=C/c3ccccc3)cc3cccc1c23,6.22,1,2013,1
CHEMBL2348547,Cc1ncc([N+](=O)[O-])n1CCSc1nnc(-c2ccc3c(c2)OCCO3)o1,5.77,1,2013,0
CHEMBL2348548,Cc1ncc([N+](=O)[O-])n1CCSc1nnc(-c2ccc(F)cc2)o1,5.8,1,2013,0
CHEMBL2348552,Cc1ncc([N+](=O)[O-])n1CCSc1nnc(-c2ccc(C(C)C)cc2)o1,5.44,1,2013,0
CHEMBL2348553,Cc1ncc([N+](=O)[O-])n1CCSc1nnc(-c2ccc(C(C)(C)C)cc2)o1,5.41,1,2013,0
CHEMBL2348559,COc1cc(-c2nnc(SCCn3c([N+](=O)[O-])cnc3C)o2)cc(OC)c1OC,6.05,1,2013,1
CHEMBL2348563,Cc1ncc([N+](=O)[O-])n1CCSc1nnc(-c2cnccc2N)o1,5.92,1,2013,0
CHEMBL2348566,Cc1ncc([N+](=O)[O-])n1CCSc1nnc(-c2ccnc(N)c2)o1,6.04,1,2013,1
CHEMBL2348567,Cc1ncc([N+](=O)[O-])n1CCSc1nnc(-c2ccnc(Cl)c2)o1,5.66,1,2013,0
CHEMBL2348571,Cc1ccc(-c2nnc(SCCn3c([N+](=O)[O-])cnc3C)o2)cc1,5.68,1,2013,0
CHEMBL2348577,CCOc1ccc(-c2nnc(SCCn3c([N+](=O)[O-])cnc3C)o2)cc1,5.5,1,2013,0
CHEMBL2348578,Cc1ncc([N+](=O)[O-])n1CCSc1nnc(-c2ccccc2[N+](=O)[O-])o1,6.21,1,2013,1
CHEMBL2360464,Nc1nc2[nH]cc(CCc3ccc(C(=O)N[C@@H](CCC(=O)[O-])C(=O)[O-])cc3)c2c(=O)[nH]1.[Na+].[Na+],5.69,1,2019,0
CHEMBL2368782,Cc1nc(N)nc(O)c1N(CCNc1ccc(C(=O)NC(CCC(=O)O)C(=O)O)cc1)Cc1cn([C@H]2C[C@H](O)[C@@H](COP(=O)(O)O)O2)c(=O)[nH]c1=O,5.93,2,1988,0
CHEMBL2368783,Nc1nc(O)c2c(n1)CCC(CNc1ccc(C(=O)NC(CCC(=O)O)C(=O)O)cc1)N2Cc1cn([C@H]2C[C@H](O)[C@@H](COP(=O)(O)O)O2)c(=O)[nH]c1=O,7.57,4,1988,1
CHEMBL2368784,Cc1nc(N)nc(O)c1N(CCN(C)c1ccc(C(=O)NC(CCC(=O)O)C(=O)O)cc1)Cc1cn([C@H]2C[C@H](O)[C@@H](COP(=O)(O)O)O2)c(=O)[nH]c1=O,7.43,4,1988,1
CHEMBL2426247,Nc1nc2[nH]cc(Cc3ccc(C(=O)N[C@@H](CCC(=O)O)C(=O)O)cc3)c2c(=O)[nH]1,5.75,1,2014,0
CHEMBL2437291,Cc1ccc(-c2csc(=N)n2CC(=O)N2CCN(c3ccccc3)CC2)cc1,5.25,1,2013,0
CHEMBL2437292,N=c1scc(-c2ccc(Cl)cc2)n1CC(=O)N1CCN(c2ccccc2)CC1,5.29,1,2013,0
CHEMBL2437293,N=c1scc(-c2ccccc2)n1CC(=O)N1CCN(c2ccccc2)CC1,5.87,1,2013,0
CHEMBL2437294,CC(=O)N1CCN(C(=O)Cn2c(-c3ccc(C)cc3)csc2=N)CC1,5.44,1,2013,0
CHEMBL2437295,CC(=O)N1CCN(C(=O)Cn2c(-c3ccc(Cl)cc3)csc2=N)CC1,4.95,1,2013,0
CHEMBL2437296,Cc1ccc(-c2csc(=N)n2CC(=O)N2CCN(C)CC2)cc1,4.71,1,2013,0
CHEMBL2437297,CC(=O)N1CCN(C(=O)Cn2c(-c3ccccc3)csc2=N)CC1,4.96,1,2013,0
CHEMBL2437298,CN1CCN(C(=O)Cn2c(-c3ccc(Cl)cc3)csc2=N)CC1,6.47,1,2013,1
CHEMBL2437299,Cc1ccc(-c2csc(=N)n2CC(=O)N2CCOCC2)cc1,5.39,1,2013,0
CHEMBL2437300,CN1CCN(C(=O)Cn2c(-c3ccccc3)csc2=N)CC1,5.94,1,2013,0
CHEMBL2437301,N=c1scc(-c2ccccc2)n1CC(=O)N1CCOCC1,5.21,1,2013,0
CHEMBL2437302,N=c1scc(-c2ccc(Cl)cc2)n1CC(=O)N1CCOCC1,5.43,1,2013,0
CHEMBL24599,C#CCN(Cc1ccc2nc(C(F)(F)F)nc(O)c2c1)c1ccc(C(=O)NC(CCC(=O)O)C(=O)O)cc1,5.24,1,1989,0
CHEMBL24701,C#CCN(Cc1ccc2nc(C)n(C)c(=O)c2c1)c1ccc(C(=O)NC(CCC(=O)O)C(=O)O)cc1,4.95,1,1989,0
CHEMBL252132,Cc1cc2nc(N)[nH]c(=O)c2n1Cc1ccc(C(=O)N[C@@H](CCC(=O)O)C(=O)O)cc1,7.34,1,2008,1
CHEMBL252133,Cc1cc2nc(N)[nH]c(=O)c2n1Cc1ccncc1,5.64,1,2008,0
CHEMBL252134,Cc1cc2nc(N)[nH]c(=O)c2n1Cc1ccc(Cl)cc1,5.54,1,2008,0
CHEMBL252338,Cc1cc2nc(N)[nH]c(=O)c2n1Cc1ccc(Br)cc1,5.89,1,2008,0
CHEMBL253581,COc1ccc(Cn2c(C)cc3nc(N)[nH]c(=O)c32)cc1,5.82,1,2008,0
CHEMBL253795,Cc1cc2nc(N)[nH]c(=O)c2n1Cc1ccc(OC(F)(F)F)cc1,5.89,1,2008,0
CHEMBL253796,Cc1cc2nc(N)[nH]c(=O)c2n1Cc1cc(Br)cc(Br)c1,5.0,1,2008,0
CHEMBL253954,O=c1[nH]c(=O)n([C@@H]2O[C@H](COP(=O)(O)O)[C@@H](O)[C@@H]2F)cc1F,8.32,2,2008,1
CHEMBL25889,C#CCN(Cc1ccc2nc(C)nc(O)c2c1)c1ccc(C(=O)NC(CCC(=O)O)C(=O)O)cc1,8.07,4,1989,1
CHEMBL263192,Nc1nc(O)c2c(ccc3ccc(Br)c([N+](=O)[O-])c32)n1,6.64,1,1993,1
CHEMBL264198,Cc1ccc2nc(N)nc(O)c2c1Sc1ccc(C(=O)N[C@H](C(=O)O)c2cccc(C(=O)O)c2)cc1,8.52,1,2018,1
CHEMBL265098,C#CCN(Cc1ccc2nc(OC)[nH]c(=O)c2c1)c1ccc(C(=O)N[C@@H](CCC(=O)O)C(=O)O)cc1,7.17,1,2010,1
CHEMBL265510,C#CCN(Cc1ccc2nc(N)nc(O)c2c1)c1ccc(C(=O)N[C@H](CCC(=O)O)C(=O)O)cc1,6.75,1,2005,1
CHEMBL274495,COCCN(Cc1ccc2nc(C)[nH]c(=O)c2c1)c1ccc(C(=O)N[C@@H](CCC(=O)O)C(=O)O)cc1,4.79,1,2010,0
CHEMBL275685,CN(Cc1ccc(S(=O)(=O)c2ccccc2)cc1)c1ccc2c3c(cccc13)C(N)=N2,7.51,2,1991,1
CHEMBL290277,C#CCN(Cc1ccc2nc(N)nc(O)c2c1)c1ccc(C(=O)NC(CCC(=O)NC(CCC(=O)NC(CCC(=O)NC(CCC(=O)O)C(=O)O)C(=O)O)C(=O)O)C(=O)O)cc1,10.39,1,1989,1
CHEMBL290930,Cc1nc2ccc(CN(C)c3ccc(C(=O)N[C@@H](CCC(=O)O)C(=O)O)cn3)cc2c(=O)[nH]1,5.37,1,2010,0
CHEMBL291075,C#CCN(Cc1ccc2nc(C)[nH]c(=O)c2c1)c1ccc(C(=O)N[C@@H](CCC(=O)O)C(=O)O)nc1,7.4,1,2010,1
CHEMBL291548,C#CCN(Cc1ccc2nc(C)nc(O)c2c1)c1ccc(S(=O)(=O)c2ccccc2)c(C(F)(F)F)c1,7.43,4,1991,1
CHEMBL293810,CNC1=Nc2ccc(N(C)Cc3ccnnc3)c3c(C)ccc1c23,7.52,1,1995,1
CHEMBL293823,CN(Cc1ccnnc1)c1ccc2c3c(cccc13)C(N)=N2,7.82,1,1995,1
CHEMBL294871,CN(Cc1ccnc(CO)c1)c1ccc2c3c(cccc13)C(N)=N2,7.75,1,1995,1
CHEMBL294973,CCOP(=O)(O)CCC(NC(=O)c1ccc(NCc2cnc3nc(N)nc(O)c3c2)cc1)C(=O)O,4.0,1,1992,0
CHEMBL295681,C#CCN(Cc1ccc2nc(N)nc(O)c2c1)c1ccc(C(=O)NC(CCC(=O)NC(CCC(=O)O)C(=O)O)C(=O)O)cc1,9.65,1,1989,1
CHEMBL295708,C#CCN(Cc1ccc2nc(N)nc(O)c2c1)c1ccc(C(=O)NC(CCC(=O)NC(CCC(=O)NC(CCC(=O)O)C(=O)O)C(=O)O)C(=O)O)cc1,10.14,1,1989,1
CHEMBL295866,Cc1nc2ccc(CN(C)c3ccc(C(=O)N[C@@H](CCC(=O)O)C(=O)O)nc3)cc2c(=O)[nH]1,6.46,1,2010,1
CHEMBL299928,C#CCN(Cc1ccc2nc(C)nc(O)c2c1)c1ccc(S(=O)(=O)n2ccc3ccccc32)cc1,7.16,1,1991,1
CHEMBL301218,CN(Cc1ccnc(C(F)(F)F)c1)c1ccc2c3c(cccc13)C(N)=N2,7.35,1,1995,1
CHEMBL301256,Nc1nc2cc3c(cc2[nH]1)N(Cc1ccc(S(=O)(=O)c2ccccc2)cc1)CCC3,7.88,2,1991,1
CHEMBL301423,C#CCN(Cc1ccc2nc(C)nc(O)c2c1)c1cccc(C(F)(F)F)c1,6.41,1,1991,1
CHEMBL301844,CN(Cc1ccc(S(=O)(=O)c2ccccc2)cc1)c1ccc2c3c(cccc13)C(=O)N2,6.11,1,1991,1
CHEMBL305610,CNc1nc(O)c2c(n1)CCc1ccccc1-2,4.01,1,1993,0
CHEMBL305611,CCSc1ccc2ccc3nc(N)nc(O)c3c2c1,5.48,1,1993,0
CHEMBL305926,Nc1nc(O)c2c(n1)CCc1ccc(O)cc1-2,5.08,1,1993,0
CHEMBL306046,Cc1ccc2c(c1)-c1c(O)nc(N)nc1CC2,6.14,3,1993,1
CHEMBL306149,Cc1[nH]c2nc(N)nc(O)c2c1Sc1ccc(C(=O)NC(CCC(=O)O)C(=O)O)cc1,7.38,1,1999,1
CHEMBL306172,Nc1nc(O)c2c(n1)CCc1cc([N+](=O)[O-])ccc1-2,4.72,1,1993,0
CHEMBL306255,COc1ccc2ccc3nc(N)nc(O)c3c2c1,5.8,2,1993,0
CHEMBL306308,Nc1nc(O)c2c(n1)CCc1ccc(Br)cc1-2,6.0,2,1993,1
CHEMBL306597,Nc1nc(O)c2c(ccc3ccc(I)cc32)n1,7.66,1,1993,1
CHEMBL306705,Nc1nc(O)c2c(ccc3ccc(Br)cc32)n1,7.66,3,1993,1
CHEMBL306775,Nc1nc(O)c2c(ccc3ccc(Cl)cc32)n1,7.6,3,1993,1
CHEMBL306790,Nc1nc(O)c2c(ccc3ccc(O)cc32)n1,6.32,1,1993,1
CHEMBL307015,Cc1nc(O)c2c(ccc3ccc(Br)cc32)n1,6.54,1,1993,1
CHEMBL307237,CCc1ccc2ccc3nc(N)nc(O)c3c2c1,6.31,2,1993,1
CHEMBL307278,Nc1nc(O)c2c(n1)CCc1ccc(F)cc1-2,5.89,3,1993,0
CHEMBL307399,C#CCN(Cc1ccc2nc(C)[nH]c(=O)c2c1)c1ccc(C(=O)N[C@@H](CCC(=O)O)C(=O)O)cc1F,5.84,1,2010,0
CHEMBL307518,Cc1nc(O)c2c(n1)CCc1ccc(F)cc1-2,5.14,1,1993,0
CHEMBL307586,Cc1nc(O)c2c(ccc3c(Cl)cccc32)n1,5.41,1,1993,0
CHEMBL307914,Cc1nc2ccc(CN(C)c3ccc(C(=O)N[C@@H](CCC(=O)O)C(=O)O)c(F)c3)cc2c(=O)[nH]1,6.92,1,2010,1
CHEMBL307964,Nc1nc(O)c2c(ccc3c(Br)cccc32)n1,5.05,1,1993,0
CHEMBL308380,CC1Cc2nc(N)nc(O)c2-c2ccccc21,4.66,1,1993,0
CHEMBL3088232,O=C(Oc1ccc2c3c(cccc13)C(=O)O2)c1ccc([N+](=O)[O-])cc1,4.46,1,2013,0
CHEMBL3088233,N#Cc1cccc(C(=O)Oc2ccc3c4c(cccc24)C(=O)O3)c1,5.16,1,2013,0
CHEMBL3088235,CCOC(=O)Oc1ccc2c3c(cccc13)C(=O)O2,4.22,1,2013,0
CHEMBL3088236,C=CC(=O)Oc1ccc2c3c(cccc13)C(=O)O2,5.1,1,2013,0
CHEMBL3088237,O=C(Oc1ccc2c3c(cccc13)C(=O)O2)c1ccco1,4.55,1,2013,0
CHEMBL308862,CC1Cc2nc(N)nc(O)c2-c2ccc(Cl)cc21,4.23,1,1993,0
CHEMBL309184,Nc1nc(O)c2c(n1)CCc1cc(Cl)c(Cl)cc1-2,5.53,2,1993,0
CHEMBL3099580,Nc1nc2[nH]c3cccc(Sc4ccccc4)c3c2c(=O)[nH]1,7.25,2,2013,1
CHEMBL3099581,Nc1nc2[nH]c3cccc(Sc4cccc5ccccc45)c3c2c(=O)[nH]1,6.42,2,2013,1
CHEMBL3099582,Nc1nc2[nH]c3cccc(Sc4ccc5ccccc5c4)c3c2c(=O)[nH]1,8.48,2,2013,1
CHEMBL310263,Nc1nc(O)c2c(ccc3c(F)cccc32)n1,4.6,1,1993,0
CHEMBL310936,Cc1cc2nc(N)nc(O)c2c2cc(Cl)ccc12,7.7,1,1993,1
CHEMBL311149,Cc1cccc2c1CCc1nc(N)nc(O)c1-2,4.29,1,1993,0
CHEMBL311404,CCOc1ccc2c(c1)-c1c(O)nc(N)nc1CC2,4.39,1,1993,0
CHEMBL3121447,C#CCN(Cc1nc2cc(C(F)(F)F)ccc2nc1-c1ccccc1)c1ccc(C)cc1,6.29,1,2014,1
CHEMBL3121450,C#CCN(Cc1nc2cc(C(F)(F)F)ccc2nc1-c1ccccc1)c1ccc(F)cc1,5.62,1,2014,0
CHEMBL3121453,C#CCN(Cc1nc2cc(C(F)(F)F)ccc2nc1-c1ccccc1)c1ccc(F)c(F)c1,5.45,1,2014,0
CHEMBL3121455,C#CCN(Cc1nc2cc(C(F)(F)F)ccc2nc1-c1ccccc1)c1cc(OC)c(OC)c(OC)c1,5.3,1,2014,0
CHEMBL3121462,CN(Cc1nc2cc(C(F)(F)F)ccc2nc1-c1ccccc1)c1ccc(F)c(F)c1,6.57,1,2014,1
CHEMBL312313,Nc1nc(O)c2c(ccc3c(I)cccc32)n1,5.88,1,1993,0
CHEMBL3125089,CC(C)C[C@H](NC(=O)[C@@H](CCC(N)=O)NC(=O)[C@H](CS)NC(=O)[C@H](CO)NC(=O)[C@@H](N)CC(C)C)C(=O)N[C@@H](Cc1ccc(O)cc1)C(=O)N[C@@H](CCC(N)=O)C(=O)N[C@@H](CCCNC(=N)N)C(=O)O,4.17,1,2015,0
CHEMBL3125097,CC(C)C[C@H](NC(=O)[C@H](CCC(N)=O)NC(=O)[C@H](CS)NC(=O)[C@H](CO)NC(=O)[C@@H](N)CC(C)C)C(=O)N[C@@H](Cc1ccc(O)cc1)C(=O)N[C@@H](CCC(N)=O)C(=O)N[C@@H](CCCNC(=N)N)C(=O)O,4.58,4,2015,0
CHEMBL312542,Cc1ccc2ccc3nc(N)nc(O)c3c2c1,6.75,2,1993,1
CHEMBL3144092,O=c1[nH]c(=O)n([C@H]2C[C@H](O)[C@@H](COP(=O)(O)O)O2)cc1-c1ccc([N+](=O)[O-])cc1,4.23,1,1988,0
CHEMBL3144186,O=c1[nH]c(=O)n([C@H]2C[C@H](O)[C@@H](COP(=O)(O)O)O2)cc1-c1ccccc1,5.17,1,1988,0
CHEMBL3144187,Cc1ccc(-c2cn([C@H]3C[C@H](O)[C@@H](COP(=O)(O)O)O3)c(=O)[nH]c2=O)cc1,5.25,1,1988,0
CHEMBL3144188,COc1ccc(-c2cn([C@H]3C[C@H](O)[C@@H](COP(=O)(O)O)O3)c(=O)[nH]c2=O)cc1,4.41,1,1988,0
CHEMBL3144189,Nc1ccc(-c2cn([C@H]3C[C@H](O)[C@@H](COP(=O)(O)O)O3)c(=O)[nH]c2=O)cc1,4.81,1,1988,0
CHEMBL3144190,O=c1[nH]c(=O)n([C@H]2C[C@H](O)[C@@H](COP(=O)(O)O)O2)cc1-c1ccc(OCc2ccccc2)cc1,4.53,1,1988,0
CHEMBL3144192,CN(C)c1ccc(-c2cn([C@H]3C[C@H](O)[C@@H](COP(=O)(O)O)O3)c(=O)[nH]c2=O)cc1,4.18,1,1988,0
CHEMBL3144194,O=c1[nH]c(=O)n([C@H]2C[C@H](O)[C@@H](COP(=O)(O)O)O2)cc1-c1ccc(C(F)(F)F)cc1,4.46,1,1988,0
CHEMBL3144196,O=c1[nH]c(=O)n([C@H]2C[C@H](O)[C@@H](COP(=O)(O)O)O2)cc1-c1ccc(Br)cc1,4.66,1,1988,0
CHEMBL3144212,Nc1nc2c(c(=O)[nH]1)N(Cc1cn([C@H]3C[C@H](O)[C@@H](COP(O)O)O3)c(=O)[nH]c1=O)C(CNc1ccc(C(=O)NC(CCC(=O)O)C(=O)O)cc1)CC2,7.24,2,1984,1
CHEMBL3144392,O=C1C=CC(=O)C(c2cn([C@H]3C[C@H](O)[C@@H](COP(=O)(O)O)O3)c(=O)[nH]c2=O)=C1,5.7,1,1986,0
CHEMBL316059,O=C1OC(=O)c2cccc3cccc1c23,5.7,1,2013,0
CHEMBL317901,C#CCN(Cc1ccc2nc(CSc3ncccn3)[nH]c(=O)c2c1)c1ccc(C(=O)N[C@@H](CCC(=O)O)C(=O)O)cc1,6.62,1,2010,1
CHEMBL319624,Cc1nc2ccc(CN(CCBr)c3ccc(C(=O)N[C@@H](CCC(=O)O)C(=O)O)cc3)cc2c(=O)[nH]1,5.89,1,2010,0
CHEMBL319629,Cc1nc2ccc(CN(CC(N)=O)c3ccc(C(=O)N[C@@H](CCC(=O)O)C(=O)O)c(F)c3)cc2c(=O)[nH]1,5.87,1,2010,0
CHEMBL319914,C#CCN(Cc1ccc2nc(C(F)(F)F)[nH]c(=O)c2c1)c1ccc(C(=O)N[C@@H](CCC(=O)O)C(=O)O)cc1,5.24,1,2010,0
CHEMBL320036,COC(=O)c1cccc([C@H](NC(=O)c2ccc(Sc3c(C)ccc4nc(N)nc(O)c34)cc2)C(=O)OC)c1,8.52,1,2018,1
CHEMBL320108,C=CCN(Cc1ccc2nc(C)[nH]c(=O)c2c1)c1ccc(C(=O)N[C@@H](CCC(=O)O)C(=O)O)c(F)c1,7.12,1,2010,1
CHEMBL320464,C#CCN(Cc1ccc2nc(C)[nH]c(=O)c2c1)c1ccc(C(=O)N[C@@H](CCC(=O)O)C(=O)O)c([N+](=O)[O-])c1,6.89,1,2010,1
CHEMBL320470,Cc1nc2ccc(CN(C)c3ccc(C(=O)N[C@@H](CCC(=O)O)C(=O)O)c(C)c3)cc2c(=O)[nH]1,6.03,1,2010,1
CHEMBL320621,C#CCN(Cc1ccc2nc(C)[nH]c(=O)c2c1)c1ccc(C(=O)N[C@@H](CCC(=O)O)C(=O)O)c(O)c1,7.05,1,2010,1
CHEMBL320775,Cc1ccc2nc(N)[nH]c(=O)c2c1Sc1ccncc1,7.82,2,1993,1
CHEMBL321284,CN(Cc1ccc2nc(CO)[nH]c(=O)c2c1)c1ccc(C(=O)N[C@@H](CCC(=O)O)C(=O)O)cc1,6.19,1,2010,1
CHEMBL321527,Cc1nc2ccc(CN(CC#N)c3ccc(C(=O)N[C@@H](CCC(=O)O)C(=O)O)c(F)c3)cc2c(=O)[nH]1,6.77,1,2010,1
CHEMBL321678,COC(=O)[C@@H](NC(=O)c1ccc(Sc2c(C)ccc3nc(N)nc(O)c23)cc1)c1ccccc1,8.52,1,2018,1
CHEMBL321977,C#CCN(Cc1ccc2nc(CO)[nH]c(=O)c2c1)c1ccc(C(=O)N[C@@H](CCC(=O)O)C(=O)O)cc1,7.01,1,2010,1
CHEMBL322176,C#CCN(Cc1ccc2nc(CF)[nH]c(=O)c2c1)c1ccc(C(=O)N[C@@H](CCC(=O)O)C(=O)O)cc1,6.24,1,2010,1
CHEMBL3228982,O=c1[nH]c(=O)n([C@H]2C[C@H](O)[C@@H](COP(=O)(O)O)O2)cc1/C=C/C(F)(F)F,5.07,2,1979,0
CHEMBL323294,C#CCN(Cc1ccc2nc(C)[nH]c(=O)c2c1)c1ccc(C(=O)N[C@@H](CCC(=O)O)C(=O)O)c(C)c1,6.3,1,2010,1
CHEMBL323363,C#CCN(Cc1ccc2nc(C)[nH]c(=O)c2c1)c1ccc(C(=O)N[C@@H](CCC(=O)O)C(=O)O)c(OC)c1,7.17,1,2010,1
CHEMBL323375,C#CCN(Cc1ccc2nc(C)[nH]c(=O)c2c1)c1ccc(C(=O)N[C@@H](CCC(=O)O)C(=O)O)c(Cl)c1,7.13,1,2010,1
CHEMBL323539,C=CCN(Cc1ccc2nc(C)[nH]c(=O)c2c1)c1ccc(C(=O)N[C@@H](CCC(=O)O)C(=O)O)cc1,6.32,1,2010,1
CHEMBL324739,Cc1nc(O)c2c(ccc3ccc(S(=O)(=O)Nc4ccc(C(=O)N[C@@H](CCC(=O)O)C(=O)O)cc4)cc32)n1,8.26,2,1993,1
CHEMBL324932,Cc1nc(O)c2c(n1)CCc1ccc(S(=O)(=O)Nc3ccc(C(=O)N[C@@H](CCC(=O)O)C(=O)O)cc3)cc1-2,7.75,1,1993,1
CHEMBL325744,C#CCN(Cc1ccc2nc(N)nc(O)c2n1)c1ccc(C(=O)NC(CCC(=O)O)C(=O)O)cc1,5.62,1,1992,0
CHEMBL325972,Nc1nc(O)c2c(n1)CCc1ccc(S(=O)(=O)Nc3ccc(C(=O)N[C@@H](CCC(=O)O)C(=O)O)cc3)cc1-2,8.6,1,1993,1
CHEMBL329619,C#CCN(Cc1ccc(C(=O)NC(CCC(=O)O)C(=O)O)cc1)Cc1ccc2nc(N)nc(O)c2c1,4.51,1,1991,0
CHEMBL330484,C#CCN(Cc1ccc2c(c1)C(=O)N[C@H](C)N2)c1ccc(C(=O)NC(CCC(=O)O)C(=O)O)cc1,6.37,1,1991,1
CHEMBL333402,C#CCN(c1ccc(C(=O)N[C@@H](CCC(=O)O)C(=O)O)cc1)S(=O)(=O)c1ccc2c(c1)CCc1nc(N)nc(O)c1-2,6.18,1,1993,1
CHEMBL334226,Cc1ccc(S(=O)(=O)N2CCC[C@@H]2C(=O)O)cc1,2.96,1,2004,0
CHEMBL336487,CC1=C(Sc2ccc(C(=O)NC(CCC(=O)O)C(=O)O)cc2)C2C(=O)NC(N)=NC2N1,7.38,1,1995,1
CHEMBL3392214,Nc1nc(O)c2cc(CSC[C@H]3O[C@@H](n4cnc5c(N)ncnc54)[C@H](O)[C@@H]3O)[nH]c2n1,4.03,1,1989,0
CHEMBL3392216,NC1=NC(=O)C2C(=N1)CCC(CNc1ccc(C(=O)NC(CCC(=O)O)C(=O)O)cc1)N2Cc1cn([C@H]2C[C@H](O)[C@@H](COP(=O)(O)O)O2)c(=O)[nH]c1=O,7.52,1,1989,1
CHEMBL3392217,CN1CCN(Cc2cn([C@H]3C[C@H](O)[C@@H](COP(=O)(O)O)O3)c(=O)[nH]c2=O)c2ccccc21,7.22,1,1989,1
CHEMBL3407789,CC(C)C[C@H](NC(=O)[C@H](CCC(N)=O)NC(=O)[C@@H](N)CS)C(=O)N[C@@H](Cc1ccc(O)cc1)C(=O)N[C@@H](CCC(N)=O)C(=O)N[C@@H](CCCNC(=N)N)C(=O)N[C@@H](CO)C(=O)NCC(=O)O,4.22,5,2015,0
CHEMBL3407790,CC(C)C[C@H](NC(=O)[C@H](CCC(N)=O)NC(=O)[C@H](CS)NC(=O)[C@H](CO)NC(=O)[C@H](CC(C)C)NC(=O)[C@H](CCC(=O)O)NC(=O)[C@@H](N)CO)C(=O)N[C@@H](Cc1ccc(O)cc1)C(=O)O,4.52,3,2015,0
CHEMBL3407791,CC(C)[C@H](NC(=O)[C@H](Cc1ccc(O)cc1)NC(=O)[C@H](Cc1ccccc1)NC(=O)[C@@H](N)CCC(N)=O)C(=O)N[C@H](C(=O)N[C@@H](CC(N)=O)C(=O)N[C@@H](CO)C(=O)N[C@@H](CCC(=O)O)C(=O)O)C(C)C,4.25,3,2015,0
CHEMBL3407792,CC(C)C[C@H](N)C(=O)N[C@@H](CS)C(=O)N[C@@H](CCC(N)=O)C(=O)N[C@@H](Cc1ccccc1)C(=O)N[C@@H](Cc1ccc(O)cc1)C(=O)N[C@H](C(=O)N[C@H](C(=O)N[C@@H](CC(N)=O)C(=O)O)C(C)C)C(C)C,4.12,3,2015,0
CHEMBL3407793,CC(C)C[C@H](NC(=O)[C@H](CCC(=O)O)NC(=O)[C@H](CO)NC(=O)[C@H](CC(N)=O)NC(=O)[C@@H](NC(=O)[C@@H](NC(=O)[C@@H](N)Cc1ccc(O)cc1)C(C)C)C(C)C)C(=O)N[C@@H](CO)C(=O)O,4.4,3,2015,0
CHEMBL3407794,CC(C)C[C@H](NC(=O)[C@H](CCC(=O)O)NC(=O)[C@H](CO)NC(=O)[C@H](CC(N)=O)NC(=O)[C@@H](N)C(C)C)C(=O)N[C@@H](CO)C(=O)N[C@@H](CS)C(=O)N[C@@H](CCC(N)=O)C(=O)O,4.3,3,2015,0
CHEMBL34259,CN(Cc1cnc2nc(N)nc(N)c2n1)c1ccc(C(=O)N[C@@H](CCC(=O)O)C(=O)O)cc1,6.22,5,2001,1
CHEMBL347223,CN(Cc1ccc2nc(N)nc(O)c2c1)c1ccc(C(=O)N[C@@H](CCC(=O)O)C(=O)O)cc1,6.54,1,1987,1
CHEMBL348979,C#CCN(Cc1ccc2nc(N)nc(N)c2n1)c1ccc(C(=O)NC(CCC(=O)O)C(=O)O)cc1,5.9,1,1987,0
CHEMBL34918,N#CCN(Cc1ccc2nc(N)nc(O)c2c1)c1ccc(C(=O)NC(CCC(=O)O)C(=O)O)cc1,8.15,1,1989,1
CHEMBL349723,Cc1ccc2nc(N)nc(O)c2c1Sc1ccnnc1,7.96,2,1993,1
CHEMBL349969,Cc1nc(O)c2c(Sc3ccnc(N(C)C)c3)c(C)ccc2n1,7.24,2,1993,1
CHEMBL350130,Cc1cc(Sc2c(C)ccc3nc(C)nc(O)c23)ccn1,7.41,2,1993,1
CHEMBL350921,C#CCN(Cc1cnc2nc(N)nc(O)c2n1)c1ccc(C(=O)N[C@@H](CCC(=O)O)C(=O)O)cc1,5.26,1,1987,0
CHEMBL351403,Cc1nc(O)c2c(Sc3ccncc3)c(C)ccc2n1,7.24,2,1993,1
CHEMBL351606,Cc1ccc2nc(N)nc(O)c2c1Sc1ccnc(N(C)C)c1,7.5,2,1993,1
CHEMBL351840,CCc1ccc2nc(C)nc(O)c2c1Sc1ccncc1,6.7,2,1993,1
CHEMBL351885,Cc1ccc2nc(N)nc(O)c2c1Sc1ccnc(C(F)(F)F)c1,7.62,2,1993,1
CHEMBL352620,COc1ccc(S(=O)(=O)c2ccc(CN3CCCc4cc5c(cc43)nc(C)n5C)cc2)cc1,6.32,1,1992,1
CHEMBL353191,Nc1nc2cc3c(cc2[nH]1)CCCC3Sc1ccc(S(=O)(=O)c2ccccc2)cc1,6.64,1,1992,1
CHEMBL353700,O=S(=O)(c1ccc(CN2CCCc3cc4[nH]cnc4cc32)cc1)N1CCNCC1,5.11,2,1991,0
CHEMBL353813,Nc1nc2cc3c(cc2[nH]1)N(Cc1ccc2cc(CO)ccc2c1)CCC3,7.42,1,1992,1
CHEMBL355323,Cc1nc(O)c2c(ccc3ccc(CNc4ccc(C(=O)N[C@@H](CCC(=O)O)C(=O)O)c(F)c4)cc32)n1,10.05,1,1994,1
CHEMBL355616,Cc1nc(O)c2c(ccc3ccc(CN(C)c4ccc5c(c4)CN([C@@H](CCC(=O)O)C(=O)O)C5=O)cc32)n1,8.6,1,1994,1
CHEMBL355662,Nc1nc(O)c2c(ccc3ccc(CNc4ccc(C(=O)N[C@@H](CCC(=O)O)C(=O)O)cc4)cc32)n1,8.92,1,1994,1
CHEMBL360335,CN(C)c1cccc2c(S(=O)(=O)Oc3ccc(C[C@H](NS(=O)(=O)c4cccc5cc(N)ccc45)C(=O)O)cc3)cccc12,8.07,1,2005,1
CHEMBL360758,CN(C)c1cccc2c(S(=O)(=O)Oc3ccc(C[C@H](NS(=O)(=O)c4cccc5c(NC(=O)OCc6ccccc6)cccc45)C(=O)O)cc3)cccc12,7.89,1,2005,1
CHEMBL362606,CN(C)c1cccc2c(S(=O)(=O)Oc3ccc(C[C@H](NS(=O)(=O)c4cccc5cc([N+](=O)[O-])ccc45)C(=O)O)cc3)cccc12,8.39,1,2005,1
CHEMBL364453,Cc1[nH]c2nc(N)nc(O)c2c1Sc1ccc(C(F)(F)F)cc1,6.1,1,2005,1
CHEMBL364975,Cc1[nH]c2nc(N)nc(O)c2c1Sc1cccc(Br)c1,5.92,1,2005,0
CHEMBL370106,Cc1[nH]c2nc(N)nc(O)c2c1Sc1ccc(F)c(Cl)c1,6.08,1,2005,1
CHEMBL370639,Cc1[nH]c2nc(N)nc(O)c2c1Sc1ccc(F)cc1,5.85,1,2005,0
CHEMBL370992,Cc1[nH]c2nc(N)nc(O)c2c1Sc1cccc(Cl)c1,5.85,1,2005,0
CHEMBL371005,Cc1[nH]c2nc(N)nc(O)c2c1Sc1cc([N+](=O)[O-])cc([N+](=O)[O-])c1,4.64,1,2005,0
CHEMBL371666,CCc1[nH]c2nc(N)nc(O)c2c1Sc1ccc(Br)cc1,6.0,1,2006,1
CHEMBL371698,Cc1[nH]c2nc(N)nc(O)c2c1Sc1ccc(Cl)c([N+](=O)[O-])c1,6.34,1,2005,1
CHEMBL371860,CCc1[nH]c2nc(N)nc(O)c2c1Sc1ccc(C(=O)N[C@@H](CCC(=O)O)C(=O)O)cc1,7.05,1,2006,1
CHEMBL371913,Cc1[nH]c2nc(N)nc(O)c2c1Sc1ccc(F)c(F)c1,6.05,1,2005,1
CHEMBL372371,Cc1[nH]c2nc(N)nc(O)c2c1Sc1ccc(Br)c(Cl)c1,6.66,1,2005,1
CHEMBL381413,Cc1[nH]c2nc(N)nc(O)c2c1Sc1cccc(F)c1,5.55,1,2005,0
CHEMBL381723,CCc1[nH]c2nc(N)nc(O)c2c1Sc1ccc(F)cc1,5.57,1,2006,0
CHEMBL383829,CCc1[nH]c2nc(N)nc(O)c2c1Sc1ccc(OC)cc1,4.8,1,2006,0
CHEMBL385891,O=C1OC(c2cc(Br)c(O)c(Br)c2)(c2cc(Br)c(O)c(Br)c2)c2cccc3cccc1c23,5.5,1,2006,0
CHEMBL386282,O=C1OC(c2cc(Cl)c(O)c(Cl)c2)(c2cc(Cl)c(O)c(Cl)c2)c2cccc3cccc1c23,5.24,1,2006,0
CHEMBL386442,O=C1OC(c2ccc(O)cc2)(c2ccc(O)cc2)c2ccc3ccccc3c21,6.4,1,2006,1
CHEMBL387007,O=C1OC(c2ccc(O)c(Br)c2)(c2ccc(O)c(Br)c2)c2cccc3cccc1c23,5.33,1,2006,0
CHEMBL388340,Cc1[nH]c2nc(N)[nH]c(=O)c2c1Sc1ccc(C(=O)N[C@@H](CCC(=O)O)C(=O)O)c(F)c1,7.27,1,2004,1
CHEMBL389051,C#CCN(Cc1ccc2[nH]c(N)nc(=O)c2c1)c1ccc(C(=O)N[C@@H](CCC(=O)O)C(=O)O)cc1,8.15,17,1987,1
CHEMBL389643,Cc1c(Sc2ccc(C(=O)N[C@@H](CCC(=O)O)C(=O)O)cc2)[nH]c2nc(N)nc(N)c12,6.27,2,2005,1
CHEMBL39175,Nc1nc(O)c2cc(CNc3ccc(C(=O)NC(CCS(=O)(=O)O)C(=O)O)cc3)cnc2n1,4.26,1,1992,0
CHEMBL400304,Cc1cc2nc(N)[nH]c(=O)c2n1Cc1ccccc1,4.7,1,2008,0
CHEMBL400364,Cc1[nH]c2nc(N)[nH]c(=O)c2c1Sc1ccc([N+](=O)[O-])cc1,6.89,6,1996,1
CHEMBL400485,Cc1[nH]c2nc(N)[nH]c(=O)c2c1Sc1ccc(Cl)c(Cl)c1,6.89,5,1996,1
CHEMBL401073,Cc1cc2nc(N)[nH]c(=O)c2n1Cc1ccc([N+](=O)[O-])cc1,5.85,1,2008,0
CHEMBL40195,Cc1nc2ccc(CN(C)c3cnc(C(=O)N[C@@H](CCC(=O)O)C(=O)O)nc3)cc2c(=O)[nH]1,5.63,1,2010,0
CHEMBL40321,Cc1nc2ccc(CN(C)c3ccc(C(=O)N[C@@H](CCC(=O)O)C(=O)O)cc3)cc2c(=O)[nH]1,6.52,1,2010,1
CHEMBL403945,O=c1ccn([C@@H]2O[C@H](COP(=O)(O)O)[C@@H](O)[C@@H]2F)c(=O)[nH]1,4.99,1,2008,0
CHEMBL4060383,Nc1nc(N)c2c(n1)[nH]c1cccc(Sc3ccc4ccccc4c3)c12,6.92,1,2017,1
CHEMBL406575,C#CCN(Cc1ccc2nc(N)nc(O)c2c1)c1ccc(C(=O)NC(CCC(=O)NC(CCC(=O)NC(CCC(=O)NC(CCC(=O)NC(CCC(=O)O)C(=O)O)C(=O)O)C(=O)O)C(=O)O)C(=O)O)cc1,10.38,1,1989,1
CHEMBL4069070,COc1ccc(OC)c(Sc2cccc3[nH]c4nc(N)nc(N)c4c23)c1,5.96,1,2017,0
CHEMBL4079829,Nc1nc(N)c2c(n1)[nH]c1cccc(Sc3ccc(Cl)cc3)c12,6.32,1,2017,1
CHEMBL4088617,Nc1nc(N)c2c(n1)[nH]c1cccc(Sc3cccc4ccccc34)c12,5.64,1,2017,0
CHEMBL4096329,COc1ccc(Sc2cccc3[nH]c4nc(N)nc(N)c4c23)cc1,6.85,1,2017,1
CHEMBL41445,C=CCN(Cc1ccc2nc(C)[nH]c(=O)c2c1)c1ccc(C(=O)N[C@@H](CCC(=O)O)C(=O)O)nc1,6.12,1,2010,1
CHEMBL41609,Cc1nc2ccc(CN(CCF)c3ccc(C(=O)N[C@@H](CCC(=O)O)C(=O)O)nc3)cc2c(=O)[nH]1,6.8,1,2010,1
CHEMBL417222,C#CCN(Cc1ccc2nc(C)nc(O)c2c1)c1ccc(S(=O)(=O)c2ccccc2)cc1,7.92,6,1991,1
CHEMBL417763,CNC1=Nc2ccc(N(C)Cc3ccnnc3)c3cccc1c23,6.51,1,1995,1
CHEMBL418894,Cc1nc(O)c2c(ccc3ccccc32)n1,5.27,2,1993,0
CHEMBL419876,C#CCN(Cc1ccc(C(=O)NC(CCC(=O)O)C(=O)O)cc1)Cc1ccc2c(c1)C(=O)CC(C)=N2,5.85,1,1991,0
CHEMBL420279,C#CCN(Cc1ccc2nc(-c3ccccc3)[nH]c(=O)c2c1)c1ccc(C(=O)N[C@@H](CCC(=O)O)C(=O)O)cc1,6.66,1,2010,1
CHEMBL420280,C#CCN(Cc1ccc2nc[nH]c(=O)c2c1)c1ccc(C(=O)N[C@@H](CCC(=O)O)C(=O)O)c(F)c1,7.24,1,2010,1
CHEMBL422395,C#CCN(Cc1ccc2[nH]c(N)nc(=O)c2c1)c1ccc(C(=O)NC(CCC(=O)O)C(=O)O)cc1,8.35,10,1989,1
CHEMBL423282,Cc1nc(O)c2c(Sc3ccc(S(=O)(=O)c4ccccc4)cc3)c(C)ccc2n1,7.12,2,1993,1
CHEMBL423859,C#Cc1ccc2ccc3nc(N)nc(O)c3c2c1,6.22,2,1993,1
CHEMBL425692,CN(C)c1cccc2c(S(=O)(=O)Oc3ccc(C[C@H](NS(=O)(=O)c4ccc(NC(=O)OCc5ccccc5)c5ccccc45)C(=O)O)cc3)cccc12,7.96,1,2005,1
CHEMBL429308,Cc1cc2nc(N)[nH]c(=O)c2n1Cc1ccc(Cl)c(Cl)c1,5.27,1,2008,0
CHEMBL433111,Nc1nc(O)c2c(ccc3cc(F)cc([N+](=O)[O-])c32)n1,4.46,1,1993,0
CHEMBL434209,C#CCN(Cc1ccc2nc(C)[nH]c(=O)c2c1)c1ccc(C(=O)N[C@@H](CCC(=O)O)C(=O)O)cc1,7.4,2,1993,1
CHEMBL43454,CCN(Cc1ccc2nc(C)[nH]c(=O)c2c1)c1ccc(C(=O)N[C@@H](CCC(=O)O)C(=O)O)nc1,6.82,1,2010,1
CHEMBL434980,Cc1cc(CN(C)c2ccc3c4c(cccc24)C(N)=N3)ccn1,7.85,1,1995,1
CHEMBL436761,CCc1[nH]c2nc(N)nc(O)c2c1Sc1cccc2ccccc12,5.25,1,2006,0
CHEMBL439973,Cc1nc(N)nc2[nH]cc(CCc3ccc(C(=O)N[C@@H](CCC(=O)O)C(=O)O)cc3)c12,6.0,2,2000,1
CHEMBL44037,CCN(Cc1ccc2nc(C)[nH]c(=O)c2c1)c1ccc(C(=O)N[C@@H](CCC(=O)O)C(=O)O)cc1,6.77,1,2010,1
CHEMBL440496,Cc1nc(O)c2c(n1)CCc1ccc(Cl)cc1-2,5.51,1,1993,0
CHEMBL443272,Nc1nc(O)c2c(ccc3c(Cl)cccc32)n1,4.58,1,1993,0
CHEMBL4437270,Nc1nc2[nH]cc(Cc3ccc(C(=O)Nc4cc(CO)ccc4C(=O)O)cc3)c2c(=O)[nH]1,5.55,1,2019,0
CHEMBL4442032,Nc1nc2[nH]cc(Cc3ccc(C(=O)NC4CCCCC4C(=O)O)cc3)c2c(=O)[nH]1,5.42,1,2019,0
CHEMBL4445309,Nc1nc2[nH]cc(Cc3ccc(C(=O)Nc4ccccc4-c4nnn[nH]4)cc3)c2c(=O)[nH]1,5.92,1,2019,0
CHEMBL4445927,COc1ccc(CC(=O)O)c(NC(=O)c2ccc(Cc3c[nH]c4nc(N)[nH]c(=O)c34)cc2)c1,6.1,1,2019,1
CHEMBL4447254,Nc1nc2[nH]cc(Cc3ccc(C(=O)Nc4ccccc4CC(=O)O)cc3)c2c(=O)[nH]1,5.77,1,2019,0
CHEMBL4447274,COCc1cccc(C(=O)O)c1NC(=O)c1ccc(Cc2c[nH]c3nc(N)[nH]c(=O)c23)cc1,5.22,1,2019,0
CHEMBL4451239,Nc1nc2[nH]cc(Cc3ccc(C(=O)Nc4cc(C(=O)O)ccc4CC(=O)O)cc3)c2c(=O)[nH]1,6.58,1,2019,1
CHEMBL4454174,NC(=O)c1ccc(C(=O)O)c(NC(=O)c2ccc(Cc3c[nH]c4nc(N)[nH]c(=O)c34)cc2)c1,6.0,1,2019,1
CHEMBL4457367,O=c1[nH]cc(S(=O)(=O)Nc2ccccc2-c2cn(-c3cccc(Cl)c3)nn2)c(=O)[nH]1,6.22,1,2019,1
CHEMBL4458595,O=c1[nH]cc(S(=O)(=O)Nc2cccc(-c3cn(-c4ccccc4Cl)nn3)c2)c(=O)[nH]1,5.89,1,2019,0
CHEMBL4458803,COc1ccc(NC(=O)c2ccc(Cc3c[nH]c4nc(N)[nH]c(=O)c34)cc2)c(C(=O)O)c1,6.16,1,2019,1
CHEMBL4459098,O=c1[nH]cc(S(=O)(=O)Nc2ccc(-c3cn(-c4cccc(Cl)c4)nn3)cc2)c(=O)[nH]1,5.8,1,2019,0
CHEMBL4459197,COCc1ccc(C(=O)O)c(NC(=O)c2ccc(Cc3c[nH]c4nc(N)[nH]c(=O)c34)cc2)c1,6.41,1,2019,1
CHEMBL4460523,O=c1[nH]cc(S(=O)(=O)Nc2ccc(-c3cn(-c4ccc(Cl)cc4)nn3)cc2)c(=O)[nH]1,6.13,1,2019,1
CHEMBL4463368,Cc1cccc(-n2cc(-c3ccccc3NS(=O)(=O)c3c[nH]c(=O)[nH]c3=O)nn2)c1,5.71,1,2019,0
CHEMBL4465849,Nc1nc2[nH]cc(Cc3ccc(C(=O)Nc4ccccc4CCC(=O)O)cc3)c2c(=O)[nH]1,5.46,1,2019,0
CHEMBL446665,Nc1nc(O)c2c(cc(CO)c3ccccc32)n1,5.07,1,1993,0
CHEMBL446714,Cc1cc2nc(N)[nH]c(=O)c2n1Cc1ccc(F)cc1,5.43,1,2008,0
CHEMBL4470361,Nc1nc2[nH]cc(Cc3ccc(C(=O)Nc4cccc(C(=O)O)c4)cc3)c2c(=O)[nH]1,6.89,1,2019,1
CHEMBL4476613,COc1ccc(C(=O)O)c(NC(=O)c2ccc(Cc3c[nH]c4nc(N)[nH]c(=O)c34)cc2)c1,6.22,1,2019,1
CHEMBL449543,Cc1sc2nc(N)[nH]c(=O)c2c1Sc1ccc(F)cc1,5.96,1,2008,0
CHEMBL4531593,C#CN(Cc1cc2c(=O)[nH]c(C)nc2cc1C)c1ccc(C(=O)N[C@@H](CCc2nnnn2CC(=O)O)C(=O)O)c(F)c1,8.62,1,2019,1
CHEMBL4536417,Nc1nc2[nH]cc(Cc3ccc(C(=O)Nc4ccccc4C(=O)O)cc3)c2c(=O)[nH]1,5.89,1,2019,0
CHEMBL4543727,O=c1[nH]cc(S(=O)(=O)Nc2ccccc2-c2cn(-c3ccccc3Cl)nn2)c(=O)[nH]1,6.06,1,2019,1
CHEMBL4544605,Nc1nc2[nH]cc(Cc3ccc(C(=O)Nc4ccc(C(=O)O)cc4)cc3)c2c(=O)[nH]1,6.33,1,2019,1
CHEMBL4546953,O=c1[nH]cc(S(=O)(=O)Nc2cccc(-c3cn(-c4ccc(Cl)cc4)nn3)c2)c(=O)[nH]1,6.35,1,2019,1
CHEMBL4550585,O=c1[nH]cc(S(=O)(=O)Nc2ccccc2-c2cn(-c3ccc(Cl)cc3)nn2)c(=O)[nH]1,6.89,1,2019,1
CHEMBL4551599,Nc1nc2[nH]cc(Cc3ccc(/C=C/c4ccccc4C(=O)O)cc3)c2c(=O)[nH]1,5.14,1,2019,0
CHEMBL4562561,Nc1nc2[nH]cc(Cc3ccc(C(=O)Nc4cc(C(=O)O)ccc4C(=O)O)cc3)c2c(=O)[nH]1,6.58,1,2019,1
CHEMBL4565065,N#Cc1ccc(C(=O)O)c(NC(=O)c2ccc(Cc3c[nH]c4nc(N)[nH]c(=O)c34)cc2)c1,6.34,1,2019,1
CHEMBL4567826,COc1cc(C(=O)O)cc(-c2ccc(Cc3c[nH]c4nc(N)[nH]c(=O)c34)cc2)c1,4.28,1,2019,0
CHEMBL4570248,Nc1nc2[nH]cc(Cc3ccc(C(=O)NCc4ccccc4C(=O)O)cc3)c2c(=O)[nH]1,5.75,1,2019,0
CHEMBL4570994,N#Cc1ccccc1NC(=O)c1ccc(Cc2c[nH]c3nc(N)[nH]c(=O)c23)cc1,5.89,1,2019,0
CHEMBL4579109,N#Cc1ccc(CC(=O)O)c(NC(=O)c2ccc(Cc3c[nH]c4nc(N)[nH]c(=O)c34)cc2)c1,5.66,1,2019,0
CHEMBL458184,O=[N+]([O-])c1cc([N+](=O)[O-])c2nc(-c3ccccc3)c(Nc3ccc(Cl)c(Cl)c3)nc2c1,4.44,1,2008,0
CHEMBL4584953,Nc1nc2[nH]cc(Cc3ccc(C(=O)N4CCCCC4C(=O)O)cc3)c2c(=O)[nH]1,4.01,1,2019,0
CHEMBL4587877,O=c1[nH]cc(S(=O)(=O)Nc2cccc(-c3cn(-c4cccc(Cl)c4)nn3)c2)c(=O)[nH]1,6.25,1,2019,1
CHEMBL4591345,Nc1nc2[nH]cc(Cc3ccc(C(=O)Nc4cc(Cl)ccc4C(=O)O)cc3)c2c(=O)[nH]1,5.5,1,2019,0
CHEMBL4591608,O=c1[nH]cc(S(=O)(=O)Nc2ccc(-c3cn(-c4ccccc4Cl)nn3)cc2)c(=O)[nH]1,5.78,1,2019,0
CHEMBL463667,CCOC(=O)CCC(NC(=O)c1ccc(Nc2nc3cc(N)cc(N)c3nc2-c2ccccc2)cc1)C(=O)OCC,4.47,1,2008,0
CHEMBL463668,COc1ccc(Nc2nc3cc([N+](=O)[O-])cc([N+](=O)[O-])c3nc2-c2ccccc2)cc1,6.16,1,2008,1
CHEMBL464504,COc1cc(Nc2nc3cc(N)cc(N)c3nc2-c2ccccc2)cc(OC)c1OC,4.29,1,2008,0
CHEMBL464844,COc1cc(Nc2nc3cc(N)cc(N)c3nc2-c2ccccc2)cc(OC)c1,4.6,1,2008,0
CHEMBL465890,Nc1cc(N)c2nc(-c3ccccc3)c(Nc3ccc(Cl)c(Cl)c3)nc2c1,6.05,1,2008,1
CHEMBL4857252,CCOC(=O)C1CCC(c2ccccc2)N1C(=O)c1cn(CCCNC(=O)C(F)(F)F)nn1,7.24,1,2021,1
CHEMBL4868625,Cc1ccc(C(C)C)c(OCc2cn(-c3cccc(C(=O)O)c3)nn2)c1,5.37,1,2021,0
CHEMBL4876808,Cc1ccc(C(C)C)c(OCc2cn(-c3ccccc3C)nn2)c1,5.66,1,2021,0
CHEMBL4876915,c1ccc(-c2nnc(SCc3cn(-c4ccccc4)nn3)o2)cc1,5.6,1,2021,0
CHEMBL492836,Cc1sc2nc(N)[nH]c(=O)c2c1Sc1ccc([N+](=O)[O-])cc1,6.96,1,2008,1
CHEMBL492837,COc1ccc(OC)c(Sc2c(C)[nH]c3nc(N)[nH]c(=O)c23)c1,5.34,1,2008,0
CHEMBL492838,Cc1sc2nc(N)[nH]c(=O)c2c1Sc1ccc(Cl)c(Cl)c1,6.96,1,2008,1
CHEMBL492839,Cc1sc2nc(N)[nH]c(=O)c2c1Sc1cc(Cl)cc(Cl)c1,6.0,1,2008,1
CHEMBL494067,Cc1sc2nc(N)[nH]c(=O)c2c1Sc1ccccc1,5.92,1,2008,0
CHEMBL495124,Cc1sc2nc(N)[nH]c(=O)c2c1Sc1ccc2ccccc2c1,6.92,1,2008,1
CHEMBL495125,Cc1sc2nc(N)[nH]c(=O)c2c1Sc1ccncc1,6.55,1,2008,1
CHEMBL510652,CCOC(=O)CCC(NC(=O)c1ccc(Nc2nc3cc([N+](=O)[O-])cc([N+](=O)[O-])c3nc2-c2ccccc2)cc1)C(=O)OCC,4.8,1,2008,0
CHEMBL514589,COc1cc(Nc2nc3cc([N+](=O)[O-])cc([N+](=O)[O-])c3nc2-c2ccccc2)cc(OC)c1OC,4.68,1,2008,0
CHEMBL517182,COc1ccc(Nc2nc3cc([N+](=O)[O-])cc([N+](=O)[O-])c3nc2-c2ccccc2)cc1OC,4.85,1,2008,0
CHEMBL518076,COc1cc(Nc2nc3cc([N+](=O)[O-])cc([N+](=O)[O-])c3nc2-c2ccccc2)cc(OC)c1,4.82,1,2008,0
CHEMBL518405,COc1ccc(Nc2nc3cc(N)cc(N)c3nc2-c2ccccc2)cc1,5.22,1,2008,0
CHEMBL5195943,CC(C)C[C@H](NC(=O)CC[C@H](NC(=O)c1ccc(NCc2cnc3nc(N)[nH]c(=O)c3n2)cc1)C(=O)O)C(=O)N[C@@H](CO)C(=O)N[C@@H](CS)C(=O)N[C@H](CCC(N)=O)C(=O)N[C@@H](CC(C)C)C(=O)N[C@@H](Cc1ccc(O)cc1)C(=O)N[C@@H](CCC(N)=O)C(=O)N[C@@H](CCCNC(=N)N)C(=O)O,4.14,1,2021,0
CHEMBL5196526,CC(C)C[C@H](NC(=O)CC[C@H](NC(=O)c1ccc(NCc2cnc3nc(N)[nH]c(=O)c3n2)cc1)C(=O)O)C(=O)N[C@@H](CO)C(=O)N[C@@H](CS)C(=O)N[C@@H](CCC(N)=O)C(=O)N[C@@H](CC(C)C)C(=O)N[C@@H](Cc1ccc(O)cc1)C(=O)N[C@@H](CCC(N)=O)C(=O)N[C@@H](CCCNC(=N)N)C(=O)O,4.4,2,2021,0
CHEMBL522363,Cc1sc2nc(N)[nH]c(=O)c2c1Sc1ccc(C(=O)N(CCC(=O)O)C(=O)O)cc1,7.4,1,2008,1
CHEMBL522517,Cc1sc2nc(N)[nH]c(=O)c2c1Sc1ccc(Cl)cc1,6.58,1,2008,1
CHEMBL5266971,COC(=O)[C@H](Cc1c[nH]c2ccccc12)NC(=O)c1ccc(Sc2c(C)ccc3nc(N)[nH]c(=O)c23)cc1,8.52,1,2018,1
CHEMBL5267424,COC(=O)[C@H](NC(=O)c1ccc(Sc2c(C)ccc3nc(N)[nH]c(=O)c23)cc1)c1ccccc1,8.52,1,2018,1
CHEMBL5268759,COC(=O)[C@H](Cc1ccc(O)cc1)NC(=O)c1ccc(Sc2c(C)ccc3nc(N)[nH]c(=O)c23)cc1,8.52,1,2018,1
CHEMBL5271165,COC(=O)c1cccc(NC(=O)c2ccc(Sc3c(C)ccc4nc(N)[nH]c(=O)c34)cc2)c1,8.52,1,2018,1
CHEMBL5273148,Cc1ccc2nc(N)[nH]c(=O)c2c1Sc1ccc(C(=O)Nc2cccc(C(=O)O)c2)cc1,8.52,1,2018,1
CHEMBL5282201,COC(=O)[C@H](Cc1ccc(N)cc1)NC(=O)c1ccc(Sc2c(C)ccc3nc(N)[nH]c(=O)c23)cc1,8.52,1,2018,1
CHEMBL5283610,COC(=O)[C@@H](NC(=O)c1ccc(Sc2c(C)ccc3nc(N)[nH]c(=O)c23)s1)c1ccccc1,8.52,1,2018,1
CHEMBL5286548,COC(=O)[C@H](Cc1ccc(O)c(O)c1)NC(=O)c1ccc(Sc2c(C)ccc3nc(N)[nH]c(=O)c23)cc1,8.52,1,2018,1
CHEMBL5287291,COC(=O)[C@H](Cc1ccccc1)NC(=O)c1ccc(Sc2c(C)ccc3nc(N)[nH]c(=O)c23)cc1,8.52,1,2018,1
CHEMBL5288172,Cc1ccc2nc(N)[nH]c(=O)c2c1Sc1ccc(C(=O)N[C@@H](Cc2ccccc2)C(=O)O)cc1,8.52,1,2018,1
CHEMBL5289121,Cc1ccc2nc(N)[nH]c(=O)c2c1Sc1ccc(C(=O)N[C@H](C)c2ccccc2)cc1,8.52,1,2018,1
CHEMBL5289689,Cc1ccc2nc(N)[nH]c(=O)c2c1Sc1ccc(C(=O)N[C@H](CO)c2ccccc2)cc1,8.52,1,2018,1
CHEMBL538143,CCc1sc2nc(N)[nH]c(=O)c2c1Sc1ccc(F)cc1,5.89,1,2009,0
CHEMBL550296,CCc1sc2nc(N)[nH]c(=O)c2c1Sc1ccc2ccccc2c1,5.64,1,2009,0
CHEMBL550769,CCc1sc2nc(N)[nH]c(=O)c2c1Sc1ccccc1,5.25,1,2009,0
CHEMBL550842,CCc1sc2nc(N)[nH]c(=O)c2c1Sc1ccncc1,6.55,1,2009,1
CHEMBL551049,CCc1sc2nc(N)[nH]c(=O)c2c1Sc1ccc(C(=O)N[C@@H](CCC(=O)O)C(=O)O)cc1,7.27,1,2009,1
CHEMBL551768,CCc1sc2nc(N)[nH]c(=O)c2c1Sc1ccccc1Cl,5.96,1,2009,0
CHEMBL551985,CCc1sc2nc(N)[nH]c(=O)c2c1Sc1cccc(Cl)c1,6.42,1,2009,1
CHEMBL55263,Cc1cc(CN(C)c2ccc3c4c(ccc(C)c24)C(N)=N3)ccn1,8.4,1,1995,1
CHEMBL55361,CNC1=Nc2ccc(N(C)Cc3ccncc3)c3cccc1c23,6.57,1,1995,1
CHEMBL556091,CCc1sc2nc(N)[nH]c(=O)c2c1Sc1ccc(Cl)c(Cl)c1,6.64,1,2009,1
CHEMBL55884,CN(Cc1ccncc1)c1ccc2c3c(cccc13)C(N)=N2,7.77,1,1995,1
CHEMBL560912,CCc1sc2nc(N)[nH]c(=O)c2c1Sc1cc(Cl)cc(Cl)c1,6.16,1,2009,1
CHEMBL5624538,Cc1ccccc1/C=N/NC(=O)c1ccc(NS(=O)(=O)c2c[nH]c(=O)[nH]c2=O)cc1,6.9,1,2023,1
CHEMBL5624620,O=C(N/N=C/c1ccc(Br)cc1)c1ccc(NS(=O)(=O)c2c[nH]c(=O)[nH]c2=O)cc1,6.84,1,2023,1
CHEMBL5624752,O=C(N/N=C/c1cccc(F)c1)c1cccc(NS(=O)(=O)c2c[nH]c(=O)[nH]c2=O)c1,7.62,1,2023,1
CHEMBL5624973,O=C(N/N=C/c1cccc(Cl)c1)c1cccc(NS(=O)(=O)c2c[nH]c(=O)[nH]c2=O)c1,7.76,1,2023,1
CHEMBL5625057,O=C(N/N=C/c1ccc(F)cc1)c1ccc(NS(=O)(=O)c2c[nH]c(=O)[nH]c2=O)cc1,7.74,1,2023,1
CHEMBL5625061,O=C(N/N=C/c1ccccc1Br)c1ccc(NS(=O)(=O)c2c[nH]c(=O)[nH]c2=O)cc1,6.75,1,2023,1
CHEMBL5625063,Cc1ccc(/C=N/NC(=O)c2cccc(NS(=O)(=O)c3c[nH]c(=O)[nH]c3=O)c2)cc1,7.37,1,2023,1
CHEMBL5625136,O=C(N/N=C/c1ccccc1Br)c1cccc(NS(=O)(=O)c2c[nH]c(=O)[nH]c2=O)c1,7.58,1,2023,1
CHEMBL5625145,O=C(N/N=C/c1cccc(Cl)c1)c1ccc(NS(=O)(=O)c2c[nH]c(=O)[nH]c2=O)cc1,6.69,1,2023,1
CHEMBL5630011,O=C(N/N=C/c1ccccc1)c1ccc(NS(=O)(=O)c2c[nH]c(=O)[nH]c2=O)cc1,7.47,1,2023,1
CHEMBL5630186,Cc1cccc(/C=N/NC(=O)c2cccc(NS(=O)(=O)c3c[nH]c(=O)[nH]c3=O)c2)c1,7.76,1,2023,1
CHEMBL5630219,Cc1ccc(/C=N/NC(=O)c2ccc(NS(=O)(=O)c3c[nH]c(=O)[nH]c3=O)cc2)cc1,7.65,1,2023,1
CHEMBL5630359,O=C(N/N=C/c1ccc(Cl)cc1)c1ccc(NS(=O)(=O)c2c[nH]c(=O)[nH]c2=O)cc1,7.71,1,2023,1
CHEMBL5630487,Cc1cccc(/C=N/NC(=O)c2ccc(NS(=O)(=O)c3c[nH]c(=O)[nH]c3=O)cc2)c1,6.99,1,2023,1
CHEMBL5630493,O=C(N/N=C/c1ccc(F)cc1)c1cccc(NS(=O)(=O)c2c[nH]c(=O)[nH]c2=O)c1,7.44,1,2023,1
CHEMBL5630534,O=C(N/N=C/c1cccc(Br)c1)c1ccc(NS(=O)(=O)c2c[nH]c(=O)[nH]c2=O)cc1,6.77,1,2023,1
CHEMBL5630571,O=C(N/N=C/c1ccccc1Cl)c1ccc(NS(=O)(=O)c2c[nH]c(=O)[nH]c2=O)cc1,7.68,1,2023,1
CHEMBL5630578,Cc1ccccc1/C=N/NC(=O)c1cccc(NS(=O)(=O)c2c[nH]c(=O)[nH]c2=O)c1,6.99,1,2023,1
CHEMBL5630605,O=C(N/N=C/c1ccccc1Cl)c1cccc(NS(=O)(=O)c2c[nH]c(=O)[nH]c2=O)c1,6.71,1,2023,1
CHEMBL5630652,O=C(N/N=C/c1ccccc1F)c1ccc(NS(=O)(=O)c2c[nH]c(=O)[nH]c2=O)cc1,7.38,1,2023,1
CHEMBL5630692,O=C(N/N=C/c1ccc(Cl)cc1)c1cccc(NS(=O)(=O)c2c[nH]c(=O)[nH]c2=O)c1,6.69,1,2023,1
CHEMBL5630730,O=C(N/N=C/c1cccc(F)c1)c1ccc(NS(=O)(=O)c2c[nH]c(=O)[nH]c2=O)cc1,7.53,1,2023,1
CHEMBL5630804,O=C(N/N=C/c1cccc(Br)c1)c1cccc(NS(=O)(=O)c2c[nH]c(=O)[nH]c2=O)c1,6.99,1,2023,1
CHEMBL5630805,O=C(N/N=C/c1ccc(Br)cc1)c1cccc(NS(=O)(=O)c2c[nH]c(=O)[nH]c2=O)c1,7.49,1,2023,1
CHEMBL5630850,O=C(N/N=C/c1ccccc1F)c1cccc(NS(=O)(=O)c2c[nH]c(=O)[nH]c2=O)c1,7.53,1,2023,1
CHEMBL5631004,O=C(N/N=C/c1ccccc1)c1cccc(NS(=O)(=O)c2c[nH]c(=O)[nH]c2=O)c1,7.58,1,2023,1
CHEMBL563212,CCc1sc2nc(N)[nH]c(=O)c2c1Sc1cc(OC)cc(OC)c1,5.92,1,2009,0
CHEMBL564004,CCc1sc2nc(N)[nH]c(=O)c2c1Sc1cc(OC)ccc1OC,5.34,1,2009,0
CHEMBL564277,CCc1sc2nc(N)[nH]c(=O)c2c1Sc1ccc(Cl)cc1,6.12,1,2009,1
CHEMBL564937,CCc1sc2nc(N)[nH]c(=O)c2c1Sc1ccc([N+](=O)[O-])cc1,6.66,1,2009,1
CHEMBL565179,CCc1sc2nc(N)[nH]c(=O)c2c1Sc1ccc(Br)cc1,6.41,1,2009,1
CHEMBL56523,Cc1ccc2c3c(ccc(N(C)Cc4ccncc4)c13)N=C2N,8.22,1,1995,1
CHEMBL56611,CCc1cc(CN(C)c2ccc3c4c(cccc24)C(N)=N3)ccn1,7.6,1,1995,1
CHEMBL56637,CN(Cc1ccnc(Sc2ccccc2)c1)c1ccc2c3c(cccc13)C(N)=N2,7.28,1,1995,1
CHEMBL56662,Nc1nc2cc3c(cc2[nH]1)N(Cc1ccc(S(=O)(=O)N2CCNCC2)cc1)CCC3,7.19,2,1991,1
CHEMBL56992,CCN(Cc1ccc(S(=O)(=O)N2CCNCC2)cc1)c1ccc2c3c(cccc13)C(=O)N2.Cl,5.52,1,1991,0
CHEMBL57002,CN(Cc1ccc(S(=O)(=O)N2CCNCC2)cc1)c1ccc2c3c(cccc13)C(=O)N2,6.08,1,1991,1
CHEMBL57310,Cc1[nH]c2nc(N)nc(O)c2c1Sc1ccncc1,6.47,4,1996,1
CHEMBL57333,C#CCN(Cc1ccc2nc(C)nc(O)c2c1)c1ccccc1,5.66,1,1991,0
CHEMBL57420,Cc1ccc2c3c(ccc(N(C)Cc4ccnnc4)c13)N=C2N,8.0,1,1995,1
CHEMBL59203,CNC1=Nc2ccc(N(C)Cc3ccncc3)c3c(C)ccc1c23,7.85,1,1995,1
CHEMBL596672,Cc1c(Sc2ccc(C(=O)N[C@@H](CCC(=O)O)C(=O)O)cc2)oc2nc(N)nc(N)c12,5.27,1,2010,0
CHEMBL61708,Nc1nc(O)c2c(CNc3ccc(C(=O)N[C@@H](CCC(=O)O)C(=O)O)cc3)c[nH]c2n1,5.34,2,2001,0
CHEMBL63857,O=C1OC(c2ccc(O)cc2)(c2ccc(O)cc2)c2ccccc21,5.92,1,2011,0
CHEMBL67116,O=C1OC(c2ccc(O)c(Cl)c2)(c2ccc(O)c(Cl)c2)c2cccc3cccc1c23,4.52,2,2006,0
CHEMBL68969,Cc1nc2ccc(CNc3ccc(C(=O)N[C@@H](CCC(=O)O)C(=O)O)s3)cc2c(=O)[nH]1,4.61,1,2010,0
CHEMBL70515,Cc1nc2ccc(CNc3ccc(C(=O)N[C@@H](CCC(=O)O)C(=O)O)cc3)cc2c(=O)[nH]1,5.35,1,2010,0
CHEMBL72132,Cc1nc(O)c2c(ccc3ccc(F)cc32)n1,5.8,1,1993,0
CHEMBL72371,CSc1ccc2ccc3nc(N)nc(O)c3c2c1,6.34,2,1993,1
CHEMBL72458,Nc1nc(O)c2c(ccc3c(N)c(Br)ccc32)n1,4.78,1,1993,0
CHEMBL72496,Cc1nc(O)c2c(n1)CCc1ccc(I)cc1-2,5.7,1,1993,0
CHEMBL72991,CSc1ccc2c(c1)-c1c(O)nc(N)nc1CC2,5.75,1,1993,0
CHEMBL73018,CCSc1ccc2c(c1)-c1c(O)nc(N)nc1CC2,4.77,1,1993,0
CHEMBL73200,Nc1ccc2ccc3nc(N)nc(O)c3c2c1,6.2,1,1993,1
CHEMBL73228,Nc1cc(N)c2c(ccc3nc(N)nc(O)c32)c1,5.11,1,1993,0
CHEMBL73229,Cc1cc(C)c2c(c1)-c1c(O)nc(N)nc1CC2,4.47,1,1993,0
CHEMBL73314,Oc1nc(NCc2ccccc2)nc2ccc3c(Br)cccc3c12,6.28,1,1993,1
CHEMBL73440,Nc1nc(O)c2c(ccc3ccc(Br)c(N)c32)n1,6.44,1,1993,1
CHEMBL73487,CC1Cc2nc(N)nc(O)c2-c2cc(Cl)ccc21,6.43,1,1993,1
CHEMBL73527,Cc1cc2nc(N)nc(O)c2c2ccccc12,5.55,2,1993,0
CHEMBL73591,Nc1nc(O)c2c(n1)CCc1cc(N)c(Br)cc1-2,5.81,1,1993,0
CHEMBL73594,Nc1nc(O)c2c(ccc3cc(Cl)c(Cl)cc32)n1,6.15,1,1993,1
CHEMBL73601,Cc1cccc2c1ccc1nc(N)nc(O)c12,5.12,1,1993,0
CHEMBL73713,Nc1nc(O)c2c(ccc3c(N)cccc32)n1,4.82,1,1993,0
CHEMBL73755,Cc1cc2nc(N)nc(O)c2c2ccc(Cl)cc12,5.16,1,1993,0
CHEMBL73927,Nc1nc(O)c2c(ccc3cccc(N)c32)n1,4.81,1,1993,0
CHEMBL73971,Cc1nc2ccc(CN(C)c3ccc(C(=O)N[C@@H](CCC(=O)O)C(=O)O)cc3F)cc2c(=O)[nH]1,5.94,1,2010,0
CHEMBL74216,Cc1cc(C)c2ccc3nc(N)nc(O)c3c2c1,5.22,1,1993,0
CHEMBL74219,Cc1nc(O)c2c(ccc3c(I)cccc32)n1,5.06,1,1993,0
CHEMBL74253,Cc1nc(O)c2c(n1)CCc1ccc(Br)cc1-2,5.94,1,1993,0
CHEMBL74311,Cc1nc(O)c2c(n1)CCc1ccccc1-2,4.45,2,1993,0
CHEMBL74440,Nc1nc(O)c2c(ccc3ccc(F)cc32)n1,6.3,2,1993,1
CHEMBL74485,Nc1ccc2c(ccc3nc(N)nc(O)c32)c1,5.12,1,1993,0
CHEMBL74702,Nc1nc(O)c2c(n1)CCc1cc([N+](=O)[O-])c(Br)cc1-2,4.54,1,1993,0
CHEMBL74724,Cc1nc(O)c2c(ccc3ccc(Cl)cc32)n1,6.36,1,1993,1
CHEMBL74772,Nc1nc(O)c2c(n1)CCc1cc(Br)ccc1-2,5.05,1,1993,0
CHEMBL74773,Nc1nc(O)c2c(n1)CCc1ccccc1-2,5.16,2,1993,0
CHEMBL74847,Nc1nc(O)c2c(n1)CCc1ccc(I)cc1-2,6.99,3,1993,1
CHEMBL75003,COCc1cc2nc(N)nc(O)c2c2ccccc12,4.82,1,1993,0
CHEMBL75044,Nc1nc(O)c2c(ccc3cc(N)c(Br)cc32)n1,6.47,1,1993,1
CHEMBL75136,Cc1nc(O)c2c(ccc3ccc(I)cc32)n1,6.8,1,1993,1
CHEMBL75194,Nc1nc(O)c2c3ccccc3c3ccccc3c2n1,4.62,1,1993,0
CHEMBL75213,C=Cc1ccc2ccc3nc(N)nc(O)c3c2c1,6.92,2,1993,1
CHEMBL75376,Nc1nc(O)c2c(ccc3cc(F)cc(N)c32)n1,4.13,1,1993,0
CHEMBL75473,Nc1ccc2c(c1)-c1c(O)nc(N)nc1CC2,4.87,1,1993,0
CHEMBL75476,Nc1nc(O)c2c(ccc3cccc([N+](=O)[O-])c32)n1,5.64,2,1993,0
CHEMBL75501,C#Cc1ccc2c(c1)-c1c(O)nc(N)nc1CC2,5.52,2,1993,0
CHEMBL75530,Nc1nc(O)c2c(ccc3c(Br)c(N)c(Br)cc32)n1,4.68,1,1993,0
CHEMBL75556,COc1ccc2c(c1)-c1c(O)nc(N)nc1CC2,5.44,2,1993,0
CHEMBL75592,Nc1nc(O)c2c(ccc3ccccc32)n1,5.97,3,1993,0
CHEMBL75731,Nc1nc(O)c2c(n1)CCc1c(F)cccc1-2,4.08,1,1993,0
CHEMBL75759,O=CNc1nc(O)c2c(ccc3ccc(Br)cc32)n1,6.27,1,1993,1
CHEMBL75891,Nc1nc(O)c2c(ccc3cc(Cl)ccc32)n1,4.34,1,1993,0
CHEMBL75894,Nc1nc(O)c2c(ccc3cc(F)ccc32)n1,4.36,1,1993,0
CHEMBL76015,Nc1nc(O)c2c(ccc3cc(Br)c([N+](=O)[O-])cc32)n1,4.57,1,1993,0
CHEMBL76071,CC1(C)Cc2nc(N)nc(O)c2-c2ccccc21,4.36,1,1993,0
CHEMBL76106,Nc1nc(O)c2c(ccc3cc([N+](=O)[O-])c(Br)cc32)n1,5.51,1,1993,0
CHEMBL76122,Oc1nc(NCc2ccccc2)nc2ccc3ccc(Cl)cc3c12,6.57,1,1993,1
CHEMBL76244,CCOc1ccc2ccc3nc(N)nc(O)c3c2c1,5.38,1,1993,0
CHEMBL76272,Nc1nc(O)c2c(n1)CCc1c(I)cccc1-2,4.49,2,1993,0
CHEMBL76322,Nc1nc(O)c2c(n1)CCc1ccc(Cl)cc1-2,6.46,3,1993,1
CHEMBL76456,Nc1nc(O)c2c(n1)CCc1cc(Cl)ccc1-2,4.28,1,1993,0
CHEMBL886,O=c1[nH]c(=O)n([C@H]2C[C@H](O)[C@@H](COP(=O)(O)O)O2)cc1F,7.85,1,2012,1
CHEMBL90795,C#CCN(Cc1ccc2c(c1)C(=O)C[C@H](C)N2)c1ccc(C(=O)NC(CCC(=O)O)C(=O)O)cc1,4.62,1,1991,0
CHEMBL92234,C#CCN(Cc1ccc(C(=O)NC(CCC(=O)O)C(=O)O)cc1)Cc1ccc2ccnc(O)c2c1,6.13,1,1991,1
CHEMBL92589,C#CCN(Cc1ccc(C(=O)NC(CCC(=O)O)C(=O)O)cc1)Cc1ccc2nc(C)nc(O)c2c1,4.08,1,1991,0
CHEMBL9440,CN(Cc1ccc(S(=O)(=O)N2CCOCC2)cc1)c1ccc2c3c(cccc13)C(=N)N2,8.7,2,1994,1
CHEMBL96148,COC(=O)[C@H](Cc1ccccc1)NP(=O)(O)OCC1OC(n2cc(F)c(=O)[nH]c2=O)CC1O,5.51,1,1996,0
CHEMBL9671,CNC1=Nc2ccc(N(C)Cc3ccc(S(=O)(=O)N4CCOCC4)cc3)c3c(C)ccc1c23,8.7,1,1994,1
CHEMBL9728,CCN(Cc1ccc(S(=O)(=O)N2CCNCC2)cc1)c1ccc2c3c(cccc13)C(=O)N2,5.8,1,1994,0
