canonical_smiles,monomerid,affinity_type,min_affinity_nm,n_measurements,pmid,doi,active
C#Cc1cc(C(=O)Nc2ccc(CNCCN3CCN(C(=O)OC(C)(C)C)CC3)c(C(F)(F)F)c2)ccc1C,780148,IC50,10900.0,1,,10.7270/Q2P84HNT,0
C#Cc1cc(C(=O)Nc2ccc(CNCCN3CCN(C(=O)OC)CC3)c(C(F)(F)F)c2)ccc1C,780147,IC50,1790.0,1,,10.7270/Q2P84HNT,0
C#Cc1cc(C(=O)Nc2ccc(CNCCN3CCN(c4ccccc4)CC3)c(C(F)(F)F)c2)ccc1C,780150,IC50,8940.0,1,,10.7270/Q2P84HNT,0
C#Cc1cc(C(=O)Nc2ccc(CNCCN3CCN(c4ccccn4)CC3)c(C(F)(F)F)c2)ccc1C,780153,IC50,1830.0,1,,10.7270/Q2P84HNT,0
C#Cc1cc(C(=O)Nc2ccc(CNCCN3CCNCC3)c(C(F)(F)F)c2)ccc1C,780151,IC50,11900.0,1,,10.7270/Q2P84HNT,0
C#Cc1cc(C(=O)Nc2ccc(CNCCN3CCOCC3)c(C(F)(F)F)c2)ccc1C,780149,IC50,1360.0,1,,10.7270/Q2P84HNT,0
C/C(Cl)=C/Cn1c(N=NC(C)c2ccc([N+](=O)[O-])cc2)nc2c1c(=O)[nH]c(=O)n2C,25387,IC50,17360.0,1,18783202,10.1021/jm800539g,0
C=CCn1c(N=NCc2cccc([N+](=O)[O-])c2)nc2c1c(=O)[nH]c(=O)n2C,25386,IC50,37480.0,1,18783202,10.1021/jm800539g,0
C=Cc1c(Nc2c(F)ccc(NS(=O)(=O)N3CCCC3)c2Cl)ccc2ncn(C)c(=O)c12,740747,IC50,77.0,1,,10.7270/Q2154NKN,0
CC(=O)N1CCC(n2c(C)nc3cnc4cc(F)c(-c5ccc(Oc6ncccn6)cc5Cl)cc4c32)CC1,200384,IC50,212.0,1,,10.7270/Q2W094RM,0
CC(=O)N1CC[C@H](n2c(C)nc3cnc4cc(F)c(-c5ccc(Oc6ncccn6)cc5Cl)cc4c32)[C@@H](F)C1,200464,IC50,25.0,1,,10.7270/Q2W094RM,0
CC(=O)OCC(=O)N1CC[C@H](n2c(C)nc3cnc4cc(F)c(-c5ccc(Oc6ncccn6)cc5Cl)cc4c32)[C@@H](F)C1,200422,IC50,232.0,1,,10.7270/Q2W094RM,0
CC(C)(C)C(=O)N1CC2=NNC(=O)c3cccc4[nH]c(c2c34)C1,207606,IC50,660000.0,1,,10.7270/Q2CN75ZV,0
CC(C)(CN)c1nc(-c2ccncc2)c(-c2ccc3c(c2)CCC3N=O)[nH]1,26043,Kd,4.9,1,18621524,10.1016/j.bmcl.2008.06.070,1
CC(C)(N)C(=O)N1CC2=NNC(=O)c3cccc4[nH]c(c2c34)C1,207617,IC50,18000.0,1,,10.7270/Q2CN75ZV,0
CC(C)C(C(=O)N[C@@H]1Cc2cc(O)cc(c2)-c2ccc3c(c2)c(cn3C(C)(C)CC#N)CC(C)(C)COC(=O)[C@@H]2CCCN(N2)C1=O)N1CCC2(CN(C(=O)[C@H](F)Cl)C2)C1=O,754036,IC50,779.0,1,,10.7270/Q2VT1XP5,0
CC(C)N1CC2=NNC(=O)c3cccc4[nH]c(c2c34)C1,207600,IC50,760000.0,1,,10.7270/Q2CN75ZV,0
CC(C)[C@@H](C(=O)N[C@@H]1Cc2cc(O)cc(c2)-c2ccc3c(c2)c(cn3C(C)(C)C#N)CC(C)(C)COC(=O)C2CCCN(N2)C1=O)N1CCC2(CN(C(=O)CCl)C2)C1=O,754035,IC50,17.0,1,,10.7270/Q2VT1XP5,0
CC(C)[C@@H](C(=O)N[C@H]1Cc2cc(O)cc(c2)-c2ccc3c(C(C)(C)C#N)cn(c3c2)CC(C)(C)COC(=O)[C@@H]2CCCN(N2)C1=O)N1CCCC2(CCN(C(=O)CCl)C2)C1=O,743458,IC50,1785.0,1,,10.7270/Q2SF31Q6,0
CC(COc1nccc(-c2nc(-c3ccncc3)c(-c3ccc4c(c3)CCC4N=O)[nH]2)n1)N(C)C,26042,Kd,0.5,1,18621524,10.1016/j.bmcl.2008.06.070,1
CC(N=Nc1nc2c(c(=O)[nH]c(=O)n2C)n1Cc1ccccc1)c1ccc([N+](=O)[O-])cc1,25383,IC50,4600.0,1,18783202,10.1021/jm800539g,0
CC(N=Nc1nc2c(c(=O)[nH]c(=O)n2C)n1Cc1ccccc1)c1ccccc1,25390,IC50,11360.0,1,18783202,10.1021/jm800539g,0
CC(O)C(=O)N1CCC(C)(n2cnc3cnc4cc(F)c(-c5ccc(Oc6ncccn6)cc5Cl)cc4c32)CC1,200399,IC50,73.0,1,,10.7270/Q2W094RM,0
CC1(C)CC2=NNC(=O)c3cc(F)cc4[nH]c(c2c34)C1,207564,IC50,136000.0,1,,10.7270/Q2CN75ZV,0
CC1(C)CC2=NNC(=O)c3cccc4c3c2c(n4CC2CO2)C1,207596,IC50,1000000.0,1,,10.7270/Q2CN75ZV,0
CC1(n2cnc3cnc4cc(F)c(-c5ccc(Oc6ncccn6)cc5Cl)cc4c32)CCN(C(=O)CO)CC1,200405,IC50,28.0,1,,10.7270/Q2W094RM,0
CC1(n2cnc3cnc4cc(F)c(-c5ccc(Oc6ncccn6)cc5Cl)cc4c32)CCN(C(N)=O)CC1,200435,IC50,5.3,1,,10.7270/Q2W094RM,1
CC1(n2cnc3cnc4cc(F)c(-c5ccc(Oc6ncccn6)cc5Cl)cc4c32)CCN(CCO)CC1,200389,IC50,93.0,1,,10.7270/Q2W094RM,0
CC1(n2cnc3cnc4cc(F)c(-c5ccc(Oc6ncccn6)cc5F)cc4c32)CCN(C(N)=O)CC1,200451,IC50,13.0,1,,10.7270/Q2W094RM,0
CCC1CCN(S(=O)(=O)Nc2ccc(F)c(Nc3ccc4ncn(C)c(=O)c4c3Cl)c2Cl)C1,740790,IC50,20.0,1,,10.7270/Q2154NKN,0
CCCC1CCCCN1NC(=O)c1cc(Oc2ccc3c(c2)nc(Nc2ccc(Br)cc2)n3C)ccn1,26038,IC50,7.0,1,18942827,10.1021/jm801050k,1
CCCCCCCCCCNC(=O)N[C@@H]1[C@H]2Oc3ccc(Oc4ccnc5c4CCC(=O)N5)cc3[C@@H]12,190991,IC50,129000.0,1,,10.7270/Q20Z71F5,0
CCN(C)S(=O)(=O)Nc1cc(F)c(F)c(Nc2ccc3ncn(C)c(=O)c3c2C)c1Cl,740793,IC50,10.0,1,,10.7270/Q2154NKN,1
CCN(C)S(=O)(=O)Nc1cc(F)c(F)c(Nc2ccc3ncn(C)c(=O)c3c2F)c1Cl,740741,IC50,4.0,1,,10.7270/Q2154NKN,1
CCN(C)S(=O)(=O)Nc1ccc(F)c(Nc2ccc3ncn(C)c(=O)c3c2Cl)c1Cl,740698,IC50,36.0,1,,10.7270/Q2154NKN,0
CCN(C)S(=O)(=O)Nc1ccc(F)c(Nc2ccc3ncn(C)c(=O)c3c2F)c1Cl,740700,IC50,32.0,1,,10.7270/Q2154NKN,0
CCN(C)S(=O)(=O)Nc1ccc(F)c(Oc2ccc3ncn(C)c(=O)c3c2Cl)c1Cl,740805,IC50,7.0,2,,10.7270/Q2154NKN,1
CCN(CC)CCn1c2c3c4c(cccc41)C(=O)NN=C3CC(C)(C)C2,207588,IC50,11000000.0,1,,10.7270/Q2CN75ZV,0
CCN1CCN(Cc2ccc(NC(=O)N[C@@H]3[C@H]4Oc5ccc(Oc6ccnc7c6CCC(=O)N7)cc5[C@@H]34)cc2F)CC1,190876,IC50,821000.0,1,,10.7270/Q20Z71F5,0
CCN1CCN(c2ccc(NC(=O)N[C@@H]3[C@H]4Oc5ccc(Oc6ccnc7c6CCC(=O)N7)cc5[C@@H]34)cc2C(F)(F)F)CC1,190993,IC50,227000.0,1,,10.7270/Q20Z71F5,0
CCOC1CN(S(=O)(=O)Nc2ccc(F)c(Nc3ccc4ncn(C)c(=O)c4c3C)c2Cl)C1,740856,IC50,33.0,1,,10.7270/Q2154NKN,0
CCOC1CN(S(=O)(=O)Nc2ccc(F)c(Nc3ccc4ncn(C)c(=O)c4c3Cl)c2Cl)C1,740837,IC50,20.0,1,,10.7270/Q2154NKN,0
CCOC1CN(S(=O)(=O)Nc2ccc(F)c(Nc3ccc4ncn(C)c(=O)c4c3F)c2Cl)C1,740838,IC50,24.0,1,,10.7270/Q2154NKN,0
CC[C@@H]1CCN(S(=O)(=O)Nc2ccc(F)c(Nc3ccc4ncn(C)c(=O)c4c3Cl)c2Cl)C1,740802,IC50,12.0,1,,10.7270/Q2154NKN,0
CC[C@@H]1CCN(S(=O)(=O)Nc2ccc(F)c(Nc3ccc4ncn(C)c(=O)c4c3F)c2Cl)C1,740758,IC50,13.0,1,,10.7270/Q2154NKN,0
CCc1c(Nc2c(F)ccc(NS(=O)(=O)N3CCCC3)c2Cl)ccc2ncn(C)c(=O)c12,740748,IC50,141.0,1,,10.7270/Q2154NKN,0
CCn1c(-c2cc(N3CCN(C)CC3)cnc2[C@H](C)OC)c2c3cc(c(F)cc31)-c1csc(n1)C[C@H](NC(=O)[C@@H](COC1CN(C(=O)[C@H](F)Cl)C1)C(C)C)C(=O)N1CCC[C@H](N1)C(=O)OCC(C)(C)C2,754062,IC50,108.0,1,,10.7270/Q2VT1XP5,0
CCn1c(-c2cc(N3CCN(C)CC3)cnc2[C@H](C)OC)c2c3cc(c(F)cc31)-c1csc(n1)C[C@H](NC(=O)[C@@H]1C[C@H]1C#N)C(=O)N1CCC[C@H](N1)C(=O)OCC(C)(C)C2,762963,IC50,154.0,3,,10.7270/Q2BV7NCS,0
CCn1c(-c2cc(N3CCN(C)CC3)cnc2[C@H](C)OC)c2c3cc(c(F)cc31)-c1csc(n1)C[C@H](NC(=O)[C@H](C(C)C)N(C)C(=O)C1(F)CCN(C(=O)[C@H](F)Cl)CC1)C(=O)N1CCC[C@H](N1)C(=O)OCC(C)(C)C2,754056,IC50,47.0,1,,10.7270/Q2VT1XP5,0
CCn1c(-c2cc(N3CCN(C)CC3)cnc2[C@H](C)OC)c2c3cc(c(F)cc31)-c1csc(n1)C[C@H](NC(=O)[C@H](C(C)C)N(C)C(=O)[C@H]1CCN(C(=O)[C@H](F)Cl)C1)C(=O)N1CCC[C@H](N1)C(=O)OCC(C)(C)C2,754054,IC50,56.0,1,,10.7270/Q2VT1XP5,0
CCn1c(-c2cc(N3CCN(C)CC3)cnc2[C@H](C)OC)c2c3cc(c(F)cc31)-c1csc(n1)C[C@H](NC(=O)[C@H](C(C)C)N1CCCC3(CCN(C(=O)[C@H](F)Cl)CC3)C1=O)C(=O)N1CCC[C@H](N1)C(=O)OCC(C)(C)C2,754058,IC50,38.0,1,,10.7270/Q2VT1XP5,0
CCn1c(-c2cc(N3CCN(C)CC3)cnc2[C@H](C)OC)c2c3cc(c(F)cc31)-c1csc(n1)C[C@H](NC(=O)[C@H](C(C)C)N1CCC[C@@]3(CCN(C(=O)[C@@H](F)Cl)C3)C1=O)C(=O)N1CCC[C@H](N1)C(=O)OCC(C)(C)C2,754046,IC50,199.0,1,,10.7270/Q2VT1XP5,0
CCn1c(-c2cc(N3CCN(C)CC3)cnc2[C@H](C)OC)c2c3cc(c(F)cc31)-c1csc(n1)C[C@H](NC(=O)[C@H](C(C)C)N1CCC[C@]3(CCN(C(=O)[C@@H](F)Cl)C3)C1=O)C(=O)N1CCC[C@H](N1)C(=O)OCC(C)(C)C2,754047,IC50,64.0,1,,10.7270/Q2VT1XP5,0
CCn1c(-c2cc(N3CCN(C)CC3)cnc2[C@H](C)OC)c2c3cc(c(F)cc31)-c1csc(n1)C[C@H](NC(=O)[C@H](C(C)C)N1CC[C@]3(CCN(C(=O)[C@H](F)Cl)C3)C1=O)C(=O)N1CCC[C@H](N1)C(=O)OCC(C)(C)C2,754052,IC50,38.0,2,,10.7270/Q2VT1XP5,0
CCn1c(-c2cc(N3CCN(C)CC3)cnc2[C@H](C)OC)c2c3cc(c(F)cc31)-c1csc(n1)C[C@H](NC(=O)[C@H](COC1CN(C(=O)[C@H](F)Cl)C1)C(C)C)C(=O)N1CCC[C@H](N1)C(=O)OCC(C)(C)C2,754063,IC50,88.0,1,,10.7270/Q2VT1XP5,0
CCn1c(-c2cc(N3CCN(C)CC3)cnc2[C@H](C)OC)c2c3cc(c(F)cc31)-c1csc(n1)C[C@H](NC(=O)[C@H]1C[C@@H]1C#N)C(=O)N1CCC[C@H](N1)C(=O)OCC(C)(C)C2,762962,IC50,194.0,3,,10.7270/Q2BV7NCS,0
CCn1c(-c2cc(N3CCN(C)CC3)cnc2[C@H](C)OC)c2c3cc(c(F)cc31)-c1csc(n1)C[C@H](NC(=O)[C@H]1C[C@@H]1C(F)F)C(=O)N1CCC[C@H](N1)C(=O)OCC(C)(C)C2,762960,IC50,196.0,3,,10.7270/Q2BV7NCS,0
CCn1c(-c2cc(N3CCN(C)CC3)cnc2[C@H](C)OC)c2c3cc(c(F)cc31)-c1csc(n1)C[C@H](NC(=O)[C@H]1C[C@@H]1C)C(=O)N1CCC[C@H](N1)C(=O)OCC(C)(C)C2,762958,IC50,108.0,3,,10.7270/Q2BV7NCS,0
CCn1c(-c2cc(N3CCN(C)CC3)cnc2[C@H](C)OC)c2c3cc(c(F)cc31)-c1csc(n1)C[C@H](NC(=O)[C@H]1[C@@H]3COC[C@@H]31)C(=O)N1CCC[C@H](N1)C(=O)OCC(C)(C)C2,762959,IC50,134.0,3,,10.7270/Q2BV7NCS,0
CCn1c(-c2cc(N3CCN(C)CC3)cnc2[C@H](C)OC)c2c3cc(ccc31)-c1cc(O)cc(c1)C[C@H](NC(=O)[C@H](C(C)C)N(C)C(=O)[C@H]1CCN(C(=O)[C@H](F)Cl)C1)C(=O)N1CCC[C@H](N1)C(=O)OCC(C)(C)C2,743462,IC50,37.0,1,,10.7270/Q2SF31Q6,0
CCn1c(-c2cc(N3CCN(C)CC3)cnc2[C@H](C)OC)c2c3cc(ccc31)-c1csc(n1)C[C@H](NC(=O)[C@H](C(C)C)N(C)C(=O)[C@H]1CCN(C(=O)[C@H](F)Cl)C1)C(=O)N1CCCC(N1)C(=O)OCC(C)(C)C2,743461,IC50,21.0,1,,10.7270/Q2SF31Q6,0
CCn1c(-c2cc(N3CCN(C)CC3)cnc2[C@H](C)OC)c2c3cc(ccc31)-c1csc(n1)C[C@H](NC(=O)[C@H](C(C)C)N1CCCC3(CCN(C(=O)[C@H](F)Cl)C3)C1=O)C(=O)N1CCC[C@H](N1)C(=O)OCC(C)(C)C2,743463,IC50,20.0,1,,10.7270/Q2SF31Q6,0
CCn1c(-c2cc(N3CCN(CC(F)(F)F)CC3)cnc2[C@H](C)OC)c2c3cc(c(F)cc31)-c1csc(n1)C[C@H](NC(=O)[C@H](C(C)C)N(C)C(=O)C1(F)CCN(C(=O)[C@H](F)Cl)CC1)C(=O)N1CCC[C@H](N1)C(=O)OCC(C)(C)C2,754071,IC50,15.0,1,,10.7270/Q2VT1XP5,0
CCn1c(-c2cc(N3CCN(CC(F)(F)F)CC3)cnc2[C@H](C)OC)c2c3cc(c(F)cc31)-c1csc(n1)C[C@H](NC(=O)[C@H](C(C)C)N(C)C(=O)[C@H]1CCN(C(=O)[C@H](F)Cl)C1)C(=O)N1CCC[C@H](N1)C(=O)OCC(C)(C)C2,754055,IC50,18.0,1,,10.7270/Q2VT1XP5,0
CCn1c(-c2cc(N3CCN(CC(F)(F)F)CC3)cnc2[C@H](C)OC)c2c3cc(c(F)cc31)-c1csc(n1)C[C@H](NC(=O)[C@H](C(C)C)N1CCC3(CCN(C(=O)[C@H](F)Cl)C3)C1=O)C(=O)N1CCC[C@H](N1)C(=O)OCC(C)(C)C2,754060,IC50,32.0,1,,10.7270/Q2VT1XP5,0
CCn1c(-c2cc(N3CCN(CC(F)(F)F)CC3)cnc2[C@H](C)OC)c2c3cc(c(F)cc31)-c1csc(n1)C[C@H](NC(=O)[C@H](C(C)C)N1CCC3(CCN(C(=O)[C@H](F)Cl)CC3)C1=O)C(=O)N1CCC[C@H](N1)C(=O)OCC(C)(C)C2,754061,IC50,104.0,1,,10.7270/Q2VT1XP5,0
CCn1c(-c2cc(N3CCN(CC(F)(F)F)CC3)cnc2[C@H](C)OC)c2c3cc(c(F)cc31)-c1csc(n1)C[C@H](NC(=O)[C@H](C(C)C)N1CCC3(CN(C(=O)[C@H](F)Cl)C3)C1=O)C(=O)N1CCC[C@H](N1)C(=O)OCC(C)(C)C2,754059,IC50,39.0,1,,10.7270/Q2VT1XP5,0
CCn1c(-c2cc(N3CCN(CC(F)(F)F)CC3)cnc2[C@H](C)OC)c2c3cc(c(F)cc31)-c1csc(n1)C[C@H](NC(=O)[C@H](C(C)C)N1CCCC3(CCN(C(=O)[C@H](F)Cl)CC3)C1=O)C(=O)N1CCC[C@H](N1)C(=O)OCC(C)(C)C2,754070,IC50,47.0,1,,10.7270/Q2VT1XP5,0
CCn1c(-c2cc(N3CCN(CC(F)(F)F)CC3)cnc2[C@H](C)OC)c2c3cc(c(F)cc31)-c1csc(n1)C[C@H](NC(=O)[C@H](C(C)C)N1CC[C@@]3(CCN(C(=O)[C@H](F)Cl)C3)C1=O)C(=O)N1CCC[C@H](N1)C(=O)OCC(C)(C)C2,754057,IC50,23.0,1,,10.7270/Q2VT1XP5,0
CCn1c(-c2cc(N3CCN(CC(F)(F)F)CC3)cnc2[C@H](C)OC)c2c3cc(c(F)cc31)-c1csc(n1)C[C@H](NC(=O)[C@H]1C[C@@H]1C)C(=O)N1CCC[C@H](N1)C(=O)OCC(C)(C)C2,762964,IC50,192.0,2,,10.7270/Q2BV7NCS,0
CCn1c(-c2cc(N3CCOCC3)cnc2[C@H](C)OC)c2c3cc(c(F)cc31)-c1csc(n1)C[C@H](NC(=O)[C@H](C(C)C)N(C)C(=O)C1(F)CCN(C(=O)[C@H](F)Cl)CC1)C(=O)N1CCC[C@H](N1)C(=O)OCC(C)(C)C2,754076,IC50,19.0,1,,10.7270/Q2VT1XP5,0
CCn1c(-c2cc(N3CCOCC3)cnc2[C@H](C)OC)c2c3cc(c(F)cc31)-c1csc(n1)C[C@H](NC(=O)[C@H](C(C)C)N(C)C(=O)[C@H]1CCN(C(=O)[C@H](F)Cl)C1)C(=O)N1CCC[C@H](N1)C(=O)OCC(C)(C)C2,754077,IC50,40.0,1,,10.7270/Q2VT1XP5,0
CCn1c(-c2cc(N3CCOCC3)cnc2[C@H](C)OC)c2c3cc(c(F)cc31)-c1csc(n1)C[C@H](NC(=O)[C@H](C(C)C)N1CCC3(CCN(C(=O)[C@H](F)Cl)C3)C1=O)C(=O)N1CCC[C@H](N1)C(=O)OCC(C)(C)C2,754075,IC50,56.0,1,,10.7270/Q2VT1XP5,0
CCn1c(-c2cc(N3CCOCC3)cnc2[C@H](C)OC)c2c3cc(c(F)cc31)-c1csc(n1)C[C@H](NC(=O)[C@H](C(C)C)N1CCC3(CCN(C(=O)[C@H](F)Cl)CC3)C1=O)C(=O)N1CCC[C@H](N1)C(=O)OCC(C)(C)C2,754072,IC50,124.0,1,,10.7270/Q2VT1XP5,0
CCn1c(-c2cc(N3CCOCC3)cnc2[C@H](C)OC)c2c3cc(c(F)cc31)-c1csc(n1)C[C@H](NC(=O)[C@H](C(C)C)N1CCC3(CN(C(=O)[C@H](F)Cl)C3)C1=O)C(=O)N1CCC[C@H](N1)C(=O)OCC(C)(C)C2,754074,IC50,115.0,1,,10.7270/Q2VT1XP5,0
CCn1c(-c2cc(N3CCOCC3)cnc2[C@H](C)OC)c2c3cc(c(F)cc31)-c1csc(n1)C[C@H](NC(=O)[C@H](C(C)C)N1CC[C@@]3(CCN(C(=O)[C@H](F)Cl)C3)C1=O)C(=O)N1CCC[C@H](N1)C(=O)OCC(C)(C)C2,754073,IC50,74.0,1,,10.7270/Q2VT1XP5,0
CCn1c(-c2cc(N3CCOCC3)cnc2[C@H](C)OC)c2c3cc(c(F)cc31)-c1csc(n1)C[C@H](NC(=O)[C@H]1C[C@@H]1C)C(=O)N1CCC[C@H](N1)C(=O)OCC(C)(C)C2,762965,IC50,143.0,3,,10.7270/Q2BV7NCS,0
CCn1c(-c2cccnc2COC)c2c3cc(ccc31)-c1cc(O)cc(c1)C[C@@H](NC(=O)[C@H](C(C)C)N(C)C(=O)C1CN(C(=O)[C@@H](F)Cl)C1)C(=O)N1CCCC(N1)C(=O)OCC(C)(C)C2,754033,IC50,27.0,1,,10.7270/Q2VT1XP5,0
CCn1c(-c2cccnc2[C@H](C)OC)c2c3cc(ccc31)-c1cc(O)cc(c1)C[C@@H](NC(=O)[C@H](C(C)C)N(C)C(=O)C1CN(C(=O)CCl)C1)C(=O)N1CCCC(N1)C(=O)OCC(C)(C)C2,754032,IC50,4.0,1,,10.7270/Q2VT1XP5,1
CCn1c(-c2cccnc2[C@H](C)OC)c2c3cc(ccc31)-c1cc(O)cc(c1)C[C@H](NC(=O)[C@H](C(C)C)N(C)C(=O)C1CCN(C(=O)C#CCN3CCOCC3)C1)C(=O)N1CCC[C@H](N1)C(=O)OCC(C)(C)C2,743456,IC50,268.0,1,,10.7270/Q2SF31Q6,0
CCn1c(-c2cccnc2[C@H](C)OC)c2c3cc(ccc31)-c1cc(O)cc(c1)C[C@H](NC(=O)[C@H](C(C)C)N(C)C(=O)C1CN(C(=O)CCl)C1)C(=O)N1CCC[C@H](N1)C(=O)OCC(C)(C)C2,743457,IC50,440.0,1,,10.7270/Q2SF31Q6,0
CCn1c(-c2cccnc2[C@H](C)OC)c2c3cc(ccc31)-c1cc(O)cc(c1)C[C@H](NC(=O)[C@H](C(C)C)N(C)C(=O)[C@H]1CCN(C(=O)C(F)Cl)C1)C(=O)N1CCC[C@H](N1)C(=O)OCC(C)(C)C2,743460,IC50,68.0,1,,10.7270/Q2SF31Q6,0
CCn1cc(-c2ccc3c(c2)CCC3N=O)c(-c2ccncc2)n1,25621,IC50,0.57,1,18676143,10.1016/j.bmcl.2008.07.002,1
CN(C)CCCn1cc(-c2ccc3c(c2)CCC3N=O)c(-c2ccncc2)n1,25635,IC50,0.47,1,18676143,10.1016/j.bmcl.2008.07.002,1
CN(C)CCNC(=O)c1cc(-c2ccc3c(c2)CCC3N=O)c(-c2ccncc2)o1,26055,Kd,0.5,1,18621524,10.1016/j.bmcl.2008.06.070,1
CN(C)CCOc1ccc(-c2cc(-c3ccc4c(c3)CCC4N=O)c(-c3ccncc3)[nH]2)cc1,26050,Kd,0.7,1,18621524,10.1016/j.bmcl.2008.06.070,1
CN(C)CCOc1ccc(-c2cc(-c3ccc4c(c3)CCC4N=O)c(-c3ccncc3)o2)cc1,26049,Kd,0.5,1,18621524,10.1016/j.bmcl.2008.06.070,1
CN(C)CCOc1ccc(-c2cc(-c3ccncc3)c(-c3ccc4c(c3)CCC4N=O)[nH]2)cc1,26052,Kd,2.4,1,18621524,10.1016/j.bmcl.2008.06.070,1
CN(C)CCOc1ccc(-c2cc(-c3ccncc3)c(-c3ccc4c(c3)CCC4N=O)o2)cc1,26051,Kd,0.9,1,18621524,10.1016/j.bmcl.2008.06.070,1
CN(C)CCOc1ccc(-c2nc(-c3ccncc3)c(-c3ccc4c(c3)CCC4N=O)[nH]2)cc1,25391,Ki,0.16,2,18783202,10.1021/jm800539g,1
CN(C)CCn1cc(-c2ccc3c(c2)CCC3N=O)c(-c2ccncc2)n1,25633,IC50,4.02,1,18676143,10.1016/j.bmcl.2008.07.002,1
CN(C)Cc1ccc(NC(=O)N[C@@H]2[C@H]3Oc4ccc(Oc5ccnc6c5CCC(=O)N6)cc4[C@@H]23)cc1,186834,IC50,2675000.0,1,,10.7270/Q20Z71F5,0
CN(C)Cc1cccc(NC(=O)c2nc(-c3ccncc3)c(-c3ccc4c(c3)CCC4N=O)[nH]2)c1,26048,Kd,1.3,1,18621524,10.1016/j.bmcl.2008.06.070,1
CN(C)S(=O)(=O)Nc1ccc(F)c(Nc2ccc3ncn(C)c(=O)c3c2Cl)c1Cl,740699,IC50,30.0,1,,10.7270/Q2154NKN,0
CN(C)S(=O)(=O)Nc1ccc(F)c(Nc2ccc3ncn(C)c(=O)c3c2F)c1Cl,740779,IC50,67.0,1,,10.7270/Q2154NKN,0
CN(C)S(=O)(=O)Nc1ccc(F)c(Oc2ccc3ncn(C)c(=O)c3c2Cl)c1Cl,740806,IC50,8.0,2,,10.7270/Q2154NKN,1
CN1CCC(n2cc(-c3ccc4c(c3)CCC4N=O)c(-c3ccncc3)n2)CC1,25637,IC50,0.34,1,18676143,10.1016/j.bmcl.2008.07.002,1
CN1CCN(c2ccc(NC(=O)N[C@@H]3[C@H]4Oc5ccc(Oc6ccnc7c6CCC(=O)N7)cc5[C@@H]34)cc2C(F)(F)F)CC1,190992,IC50,183000.0,1,,10.7270/Q20Z71F5,0
CNC(=O)c1cc(Oc2ccc3nc(Nc4ccc(Br)cc4)[nH]c3c2)ccn1,26013,IC50,39.0,1,18942827,10.1021/jm801050k,0
CNC(=O)c1cc(Oc2ccc3nc(Nc4ccc(C(C)(C)C)cc4)[nH]c3c2)ccn1,26018,IC50,63.0,1,18942827,10.1021/jm801050k,0
CNC(=O)c1cc(Oc2ccc3nc(Nc4ccc(C(F)(F)F)cc4)[nH]c3c2)ccn1,26016,IC50,11.0,1,18942827,10.1021/jm801050k,0
CNC(=O)c1cc(Oc2ccc3nc(Nc4cccc(Br)c4)[nH]c3c2)ccn1,26012,IC50,1300.0,1,18942827,10.1021/jm801050k,0
CNC(=O)c1cc(Oc2ccc3nc(Nc4cccc(C(C)(C)C)c4)[nH]c3c2)ccn1,26017,IC50,26.0,1,18942827,10.1021/jm801050k,0
CNC(=O)c1cc(Oc2ccc3nc(Nc4cccc(C(F)(F)F)c4)[nH]c3c2)ccn1,26015,IC50,300.0,1,18942827,10.1021/jm801050k,0
CNC(=O)c1cc(Oc2ccc3nc(Nc4ccccc4)[nH]c3c2)ccn1,26010,IC50,7700.0,1,18942827,10.1021/jm801050k,0
CNC(=O)c1cc(Oc2ccc3nc(Nc4ccccc4Br)[nH]c3c2)ccn1,26011,IC50,2400.0,1,18942827,10.1021/jm801050k,0
CNC(=O)c1cc(Oc2ccc3nc(Nc4ccccc4C(F)(F)F)[nH]c3c2)ccn1,26014,IC50,9000.0,1,18942827,10.1021/jm801050k,0
CNC1CCCC(n2cc(-c3ccc4c(c3)CCC4N=O)c(-c3ccncc3)n2)C1,25641,IC50,0.23,1,18676143,10.1016/j.bmcl.2008.07.002,1
COC(=O)N1CCN(CCNCc2ccc(NC(=O)c3ccc(C)c(C#Cc4cnc5cccnn45)c3)cc2C(F)(F)F)CC1,780142,IC50,18.0,1,,10.7270/Q2P84HNT,0
COC1CCN(S(=O)(=O)Nc2ccc(F)c(Nc3ccc4ncn(C)c(=O)c4c3C)c2Cl)CC1,740771,IC50,191.0,1,,10.7270/Q2154NKN,0
COC1CN(S(=O)(=O)Nc2ccc(F)c(Nc3ccc4ncn(C)c(=O)c4c3C)c2Cl)C1,740824,IC50,16.0,1,,10.7270/Q2154NKN,0
COC1CN(S(=O)(=O)Nc2ccc(F)c(Nc3ccc4ncn(C)c(=O)c4c3Cl)c2Cl)C1,740825,IC50,12.0,1,,10.7270/Q2154NKN,0
COC1CN(S(=O)(=O)Nc2ccc(F)c(Nc3ccc4ncn(C)c(=O)c4c3F)c2Cl)C1,740826,IC50,11.0,1,,10.7270/Q2154NKN,0
COC1CN(S(=O)(=O)Nc2ccc(F)c(Oc3ccc4ncn(C)c(=O)c4c3C)c2Cl)C1,740813,IC50,11.0,1,,10.7270/Q2154NKN,0
COC1CN(S(=O)(=O)Nc2ccc(F)c(Oc3ccc4ncn(C)c(=O)c4c3Cl)c2Cl)C1,740815,IC50,6.0,1,,10.7270/Q2154NKN,1
COC1CN(S(=O)(=O)Nc2ccc(F)c(Oc3ccc4ncn(C)c(=O)c4c3F)c2Cl)C1,740819,IC50,4.0,1,,10.7270/Q2154NKN,1
COCC(=O)N1CCC(n2c(C)nc3cnc4cc(F)c(-c5ccc(Oc6nccc(C)n6)cc5Cl)cc4c32)CC1,200438,IC50,53.0,1,,10.7270/Q2W094RM,0
COCC(=O)N1CCC(n2c(C)nc3cnc4cc(F)c(-c5ccc(Oc6ncccn6)cc5Cl)cc4c32)CC1,200414,IC50,85.0,1,,10.7270/Q2W094RM,0
COCC(=O)N1CC[C@H](n2c(C)nc3cnc4cc(F)c(-c5ccc(Oc6ncccn6)cc5Cl)cc4c32)[C@@H](F)C1,200425,IC50,9.0,1,,10.7270/Q2W094RM,1
COCC1(C)CN(S(=O)(=O)Nc2ccc(F)c(Nc3ccc4ncn(C)c(=O)c4c3C)c2Cl)C1,740836,IC50,16.0,1,,10.7270/Q2154NKN,0
COCC1(F)CN(S(=O)(=O)Nc2ccc(F)c(Nc3ccc4ncn(C)c(=O)c4c3C)c2Cl)C1,740841,IC50,6.0,1,,10.7270/Q2154NKN,1
COCC1CN(S(=O)(=O)Nc2ccc(F)c(Nc3ccc4ncn(C)c(=O)c4c3C)c2Cl)C1,740827,IC50,16.0,1,,10.7270/Q2154NKN,0
COCC1CN(S(=O)(=O)Nc2ccc(F)c(Nc3ccc4ncn(C)c(=O)c4c3Cl)c2Cl)C1,740828,IC50,13.0,1,,10.7270/Q2154NKN,0
COCC1CN(S(=O)(=O)Nc2ccc(F)c(Nc3ccc4ncn(C)c(=O)c4c3F)c2Cl)C1,740829,IC50,5.0,1,,10.7270/Q2154NKN,1
COCC1CN(S(=O)(=O)Nc2ccc(F)c(Oc3ccc4ncn(C)c(=O)c4c3C)c2Cl)C1,740811,IC50,10.0,1,,10.7270/Q2154NKN,1
COCC1CN(S(=O)(=O)Nc2ccc(F)c(Oc3ccc4ncn(C)c(=O)c4c3Cl)c2Cl)C1,740814,IC50,4.0,1,,10.7270/Q2154NKN,1
COCC1CN(S(=O)(=O)Nc2ccc(F)c(Oc3ccc4ncn(C)c(=O)c4c3F)c2Cl)C1,740817,IC50,9.0,1,,10.7270/Q2154NKN,1
COCCN1CCC(c2cc(-c3ccc4c(c3)CCC4N=O)c(-c3ccncc3)o2)CC1,26054,Kd,2.7,1,18621524,10.1016/j.bmcl.2008.06.070,1
COCCN1CCC(c2nc(-c3ccncc3)c(-c3ccc4c(c3)CCC4N=O)[nH]2)CC1,26045,Kd,6.3,1,18621524,10.1016/j.bmcl.2008.06.070,1
COCCN1CCC(n2c(C)nc3cnc4cc(F)c(-c5ccc(Oc6ncccn6)cc5Cl)cc4c32)CC1,200374,IC50,726.0,1,,10.7270/Q2W094RM,0
COCCn1cc(-c2ccc3c(c2)CCC3N=O)c(-c2ccncc2)n1,25627,IC50,1.16,1,18676143,10.1016/j.bmcl.2008.07.002,1
CO[C@@H](C)c1ncc(N2CCN(C)CC2)cc1-c1c2c3c(F)c(ccc3n1CC(F)(F)F)-c1cc(O)cc(c1)C[C@H](NC(=O)[C@H](C(C)C)N(C)C(=O)[C@H]1CCN(C(=O)[C@H](F)Cl)C1)C(=O)N1CCC[C@H](N1)C(=O)OCC(C)(C)C2,754051,IC50,2.0,1,,10.7270/Q2VT1XP5,1
CO[C@@H](C)c1ncc(N2CCN(C)CC2)cc1-c1c2c3c(F)c(ccc3n1CC(F)(F)F)-c1csc(n1)C[C@H](NC(=O)[C@H](C(C)C)N1CCCC3(CCN(C(=O)[C@H](F)Cl)CC3)C1=O)C(=O)N1CCC[C@H](N1)C(=O)OCC(C)(C)C2,754045,IC50,148.0,1,,10.7270/Q2VT1XP5,0
CO[C@@H](C)c1ncc(N2CCN(C)CC2)cc1-c1c2c3c(F)c(ccc3n1CC(F)(F)F)-c1csc(n1)C[C@H](NC(=O)[C@H]1C[C@@H]1C)C(=O)N1CCC[C@H](N1)C(=O)OCC(C)(C)C2,762967,IC50,9.0,3,,10.7270/Q2BV7NCS,1
CO[C@@H](C)c1ncc(N2CCN(C)CC2)cc1-c1c2c3cc(c(C)cc3n1CC(F)(F)F)-c1csc(n1)C[C@H](NC(=O)[C@H](C(C)C)N(C)C(=O)C1(F)CCN(C(=O)[C@H](F)Cl)CC1)C(=O)N1CCC[C@H](N1)C(=O)OCC(C)(C)C2,754040,IC50,176.0,1,,10.7270/Q2VT1XP5,0
CO[C@@H](C)c1ncc(N2CCN(C)CC2)cc1-c1c2c3cc(c(F)cc3n1CC(F)(F)F)-c1cc(O)cc(c1)C[C@H](NC(=O)[C@H](C(C)C)N(C)C(=O)[C@H]1CCN(C(=O)[C@H](F)Cl)C1)C(=O)N1CCC[C@H](N1)C(=O)OCC(C)(C)C2,754039,IC50,3.0,1,,10.7270/Q2VT1XP5,1
CO[C@@H](C)c1ncc(N2CCN(C)CC2)cc1-c1c2c3cc(c(F)cc3n1CC(F)(F)F)-c1csc(n1)C[C@H](NC(=O)[C@H](C(C)C)N(C)C(=O)C1(F)CCN(C(=O)[C@H](F)Cl)CC1)C(=O)N1CCC[C@H](N1)C(=O)OCC(C)(C)C2,754041,IC50,20.0,1,,10.7270/Q2VT1XP5,0
CO[C@@H](C)c1ncc(N2CCN(C)CC2)cc1-c1c2c3cc(c(F)cc3n1CC(F)(F)F)-c1csc(n1)C[C@H](NC(=O)[C@H](C(C)C)N(C)C(=O)[C@H]1CCN(C(=O)[C@H](F)Cl)C1)C(=O)N1CCC[C@H](N1)C(=O)OCC(C)(C)C2,754037,IC50,89.0,1,,10.7270/Q2VT1XP5,0
CO[C@@H](C)c1ncc(N2CCN(C)CC2)cc1-c1c2c3cc(c(F)cc3n1CC(F)(F)F)-c1csc(n1)C[C@H](NC(=O)[C@H](C(C)C)N1CCC3(CN(C(=O)[C@H](F)Cl)C3)C1=O)C(=O)N1CCC[C@H](N1)C(=O)OCC(C)(C)C2,754049,IC50,98.0,1,,10.7270/Q2VT1XP5,0
CO[C@@H](C)c1ncc(N2CCN(C)CC2)cc1-c1c2c3cc(c(F)cc3n1CC(F)(F)F)-c1csc(n1)C[C@H](NC(=O)[C@H](C(C)C)N1CCCC3(CN(C(=O)[C@H](F)Cl)C3)C1=O)C(=O)N1CCC[C@H](N1)C(=O)OCC(C)(C)C2,754042,IC50,45.0,1,,10.7270/Q2VT1XP5,0
CO[C@@H](C)c1ncc(N2CCN(C)CC2)cc1-c1c2c3cc(c(F)cc3n1CC(F)(F)F)-c1csc(n1)C[C@H](NC(=O)[C@H](C(C)C)N1CCC[C@@]3(CCN(C(=O)[C@H](F)Cl)C3)C1=O)C(=O)N1CCC[C@H](N1)C(=O)OCC(C)(C)C2,754044,IC50,71.0,1,,10.7270/Q2VT1XP5,0
CO[C@@H](C)c1ncc(N2CCN(C)CC2)cc1-c1c2c3cc(c(F)cc3n1CC(F)(F)F)-c1csc(n1)C[C@H](NC(=O)[C@H](C(C)C)N1CCC[C@]3(CCN(C(=O)[C@H](F)Cl)C3)C1=O)C(=O)N1CCC[C@H](N1)C(=O)OCC(C)(C)C2,754043,IC50,100.0,1,,10.7270/Q2VT1XP5,0
CO[C@@H](C)c1ncc(N2CCN(C)CC2)cc1-c1c2c3cc(c(F)cc3n1CC(F)(F)F)-c1csc(n1)C[C@H](NC(=O)[C@H](C(C)C)N1CC[C@]3(CCN(C(=O)[C@H](F)Cl)C3)C1=O)C(=O)N1CCC[C@H](N1)C(=O)OCC(C)(C)C2,754038,IC50,122.0,1,,10.7270/Q2VT1XP5,0
CO[C@@H](C)c1ncc(N2CCN(C)CC2)cc1-c1c2c3cc(c(F)cc3n1CC(F)(F)F)-c1csc(n1)C[C@H](NC(=O)[C@H]1C[C@@H]1C)C(=O)N1CCC[C@H](N1)C(=O)OCC(C)(C)C2,762961,IC50,36.0,3,,10.7270/Q2BV7NCS,0
CO[C@@H](C)c1ncc(N2CCN(C)CC2)cc1-c1c2c3cc(ccc3n1CC(F)(F)F)-c1csc(n1)C[C@H](NC(=O)[C@H](C(C)C)N1CCCC3(CCN(C(=O)[C@H](F)Cl)C3)C1=O)C(=O)N1CCC[C@H](N1)C(=O)OCC(C)(C)C2,743464,IC50,21.0,1,,10.7270/Q2SF31Q6,0
CO[C@@H](C)c1ncc(N2CCN(C)CC2)cc1-c1c2c3cc(ccc3n1CC(F)(F)F)-c1csc(n1)C[C@H](NC(=O)[C@H](C(C)C)N1CC[C@]3(CCN(C(=O)[C@H](F)Cl)C3)C1=O)C(=O)N1CCC[C@H](N1)C(=O)OCC(C)(C)C2,743465,IC50,36.0,2,,10.7270/Q2SF31Q6,0
CO[C@@H](C)c1ncc(N2CCN(C)CC2)cc1C1=C2CC(C)(C)COC(=O)[C@@H]3CCCN(N3)C(=O)[C@@H](NC(=O)[C@H]3C[C@@H]3C)Cc3nc(cs3)-c3ccc(c2c3)C1,762957,IC50,13.0,3,,10.7270/Q2BV7NCS,0
CO[C@@H](C)c1ncc(N2CCN(CC(F)(F)F)CC2)cc1-c1c2c3cc(c(F)cc3n1CC(F)(F)F)-c1csc(n1)C[C@H](NC(=O)[C@H](C(C)C)N(C)C(=O)C1(F)CCN(C(=O)[C@H](F)Cl)CC1)C(=O)N1CCC[C@H](N1)C(=O)OCC(C)(C)C2,754066,IC50,34.0,1,,10.7270/Q2VT1XP5,0
CO[C@@H](C)c1ncc(N2CCN(CC(F)(F)F)CC2)cc1-c1c2c3cc(c(F)cc3n1CC(F)(F)F)-c1csc(n1)C[C@H](NC(=O)[C@H](C(C)C)N(C)C(=O)[C@H]1CCN(C(=O)[C@H](F)Cl)C1)C(=O)N1CCC[C@H](N1)C(=O)OCC(C)(C)C2,754050,IC50,46.0,1,,10.7270/Q2VT1XP5,0
CO[C@@H](C)c1ncc(N2CCN(CC(F)(F)F)CC2)cc1-c1c2c3cc(c(F)cc3n1CC(F)(F)F)-c1csc(n1)C[C@H](NC(=O)[C@H](C(C)C)N1CCC3(CCN(C(=O)[C@H](F)Cl)CC3)C1=O)C(=O)N1CCC[C@H](N1)C(=O)OCC(C)(C)C2,754069,IC50,79.0,1,,10.7270/Q2VT1XP5,0
CO[C@@H](C)c1ncc(N2CCN(CC(F)(F)F)CC2)cc1-c1c2c3cc(c(F)cc3n1CC(F)(F)F)-c1csc(n1)C[C@H](NC(=O)[C@H](C(C)C)N1CCC3(CN(C(=O)[C@H](F)Cl)C3)C1=O)C(=O)N1CCC[C@H](N1)C(=O)OCC(C)(C)C2,754068,IC50,129.0,1,,10.7270/Q2VT1XP5,0
CO[C@@H](C)c1ncc(N2CCN(CC(F)(F)F)CC2)cc1-c1c2c3cc(c(F)cc3n1CC(F)(F)F)-c1csc(n1)C[C@H](NC(=O)[C@H](C(C)C)N1CCCC3(CCN(C(=O)[C@H](F)Cl)CC3)C1=O)C(=O)N1CCC[C@H](N1)C(=O)OCC(C)(C)C2,754064,IC50,73.0,1,,10.7270/Q2VT1XP5,0
CO[C@@H](C)c1ncc(N2CCN(CC(F)(F)F)CC2)cc1-c1c2c3cc(c(F)cc3n1CC(F)(F)F)-c1csc(n1)C[C@H](NC(=O)[C@H](C(C)C)N1CC[C@]3(CCN(C(=O)[C@H](F)Cl)C3)C1=O)C(=O)N1CCC[C@H](N1)C(=O)OCC(C)(C)C2,754065,IC50,10.0,2,,10.7270/Q2VT1XP5,1
CO[C@@H](C)c1ncc(N2CCN(CC(F)(F)F)CC2)cc1-c1c2c3cc(c(F)cc3n1CC(F)(F)F)-c1csc(n1)C[C@H](NC(=O)[C@H]1C[C@@H]1C)C(=O)N1CCC[C@H](N1)C(=O)OCC(C)(C)C2,762966,IC50,90.0,3,,10.7270/Q2BV7NCS,0
CO[C@@H](C)c1ncc(N2CCOCC2)cc1-c1c2c3cc(c(F)cc3n1CC(F)(F)F)-c1csc(n1)C[C@H](NC(=O)[C@H](C(C)C)N(C)C(=O)[C@H]1CCN(C(=O)[C@H](F)Cl)C1)C(=O)N1CCC[C@H](N1)C(=O)OCC(C)(C)C2,754048,IC50,53.0,1,,10.7270/Q2VT1XP5,0
CO[C@@H](C)c1ncc(N2CCOCC2)cc1-c1c2c3cc(ccc3n1CC(F)(F)F)-c1csc(n1)C[C@H](NC(=O)[C@H](C(C)C)N(C)C(=O)[C@H]1CCN(C(=O)[C@H](F)Cl)C1)C(=O)N1CCC[C@H](N1)C(=O)OCC(C)(C)C2,743469,IC50,20.0,1,,10.7270/Q2SF31Q6,0
CO[C@@H]1CCN(S(=O)(=O)Nc2cc(Cl)cc(Nc3ccc4ncn(C)c(=O)c4c3C)c2F)C1,740801,IC50,15.0,1,,10.7270/Q2154NKN,0
CO[C@@H]1CCN(S(=O)(=O)Nc2cc(F)c(F)c(Nc3ccc4ncn(C)c(=O)c4c3C)c2Cl)C1,740795,IC50,5.0,1,,10.7270/Q2154NKN,1
CO[C@@H]1CCN(S(=O)(=O)Nc2cc(F)c(F)c(Nc3ccc4ncn(C)c(=O)c4c3Cl)c2Cl)C1,740728,IC50,2.0,1,,10.7270/Q2154NKN,1
CO[C@@H]1CCN(S(=O)(=O)Nc2cc(F)c(F)c(Nc3ccc4ncn(C)c(=O)c4c3Cl)c2F)C1,740730,IC50,4.0,1,,10.7270/Q2154NKN,1
CO[C@@H]1CCN(S(=O)(=O)Nc2cc(F)c(F)c(Nc3ccc4ncn(C)c(=O)c4c3F)c2Cl)C1,740743,IC50,2.0,1,,10.7270/Q2154NKN,1
CO[C@@H]1CCN(S(=O)(=O)Nc2cc(F)cc(Nc3ccc4ncn(C)c(=O)c4c3C)c2Cl)C1,740848,IC50,29.0,1,,10.7270/Q2154NKN,0
CO[C@@H]1CCN(S(=O)(=O)Nc2ccc(F)c(Nc3ccc4ncn(C)c(=O)c4c3Br)c2Cl)C1,740704,IC50,10.0,1,,10.7270/Q2154NKN,1
CO[C@@H]1CCN(S(=O)(=O)Nc2ccc(F)c(Nc3ccc4ncn(C)c(=O)c4c3C)c2Cl)C1,740697,IC50,60.0,1,,10.7270/Q2154NKN,0
CO[C@@H]1CCN(S(=O)(=O)Nc2ccc(F)c(Nc3ccc4ncn(C)c(=O)c4c3Cl)c2Cl)C1,740702,IC50,13.0,1,,10.7270/Q2154NKN,0
CO[C@@H]1CCN(S(=O)(=O)Nc2ccc(F)c(Nc3ccc4ncn(C)c(=O)c4c3F)c2Cl)C1,740701,IC50,14.0,1,,10.7270/Q2154NKN,0
CO[C@@H]1CCN(S(=O)(=O)Nc2ccc(F)c(Oc3ccc4ncn(C)c(=O)c4c3C)c2Cl)C1,740706,IC50,8.0,1,,10.7270/Q2154NKN,1
CO[C@@H]1CCN(S(=O)(=O)Nc2ccc(F)c(Oc3ccc4ncn(C)c(=O)c4c3Cl)c2Cl)C1,740733,IC50,4.0,1,,10.7270/Q2154NKN,1
CO[C@@H]1CCN(S(=O)(=O)Nc2ccc(F)c(Oc3ccc4ncn(C)c(=O)c4c3F)c2Cl)C1,740744,IC50,3.0,1,,10.7270/Q2154NKN,1
CO[C@@H]1CN(S(=O)(=O)Nc2ccc(F)c(Nc3ccc4ncn(C)c(=O)c4c3Cl)c2Cl)C[C@@H]1F,740714,IC50,4.0,1,,10.7270/Q2154NKN,1
CO[C@@H]1CN(S(=O)(=O)Nc2ccc(F)c(Nc3ccc4ncn(C)c(=O)c4c3F)c2Cl)C[C@@H]1F,740711,IC50,6.0,1,,10.7270/Q2154NKN,1
CO[C@H]1CN(S(=O)(=O)Nc2cc(F)c(F)c(Nc3ccc4ncn(C)c(=O)c4c3C)c2Cl)C[C@H]1F,740796,IC50,6.0,1,,10.7270/Q2154NKN,1
CO[C@H]1CN(S(=O)(=O)Nc2ccc(F)c(Nc3ccc4ncn(C)c(=O)c4c3Br)c2Cl)C[C@H]1F,740712,IC50,6.0,1,,10.7270/Q2154NKN,1
CO[C@H]1CN(S(=O)(=O)Nc2ccc(F)c(Nc3ccc4ncn(C)c(=O)c4c3C)c2Cl)C[C@@H]1F,740774,IC50,114.0,1,,10.7270/Q2154NKN,0
COc1cc(-c2cc(NC(=O)c3ccnc(C(C)(C)C#N)c3)ccc2C)cc(C2COC2)c1,313291,IC50,25000340.0,1,,10.7270/Q2W0981V,0
COc1cc(C)nc(Oc2ccc(-c3cc4c(cc3F)ncc3ncn(C5(C)CCN(C(=O)CO)CC5)c34)c(Cl)c2)n1,200437,IC50,10.0,1,,10.7270/Q2W094RM,1
COc1cc(N2CCN(CCNCc3ccc(NC(=O)c4ccc(C)c(C#Cc5cnc6cccnn56)c4)cc3C(F)(F)F)CC2)ncn1,780143,IC50,48.0,1,,10.7270/Q2P84HNT,0
COc1cc(Nc2cncc(Oc3ccc(C(C)N=O)cc3)n2)cc(OC)c1OC,25608,IC50,26000.0,1,18473434,10.1021/jm070776b,0
COc1cc(Nc2cncc(Oc3ccc4c(c3)C(N=O)CC4)n2)cc(OC)c1OC,25610,IC50,86000.0,1,18473434,10.1021/jm070776b,0
COc1cc(Nc2cncc(Oc3ccc4c(c3)CCCC4N=O)n2)cc(OC)c1OC,25611,IC50,92000.0,1,18473434,10.1021/jm070776b,0
COc1cc(Nc2cncc(Oc3cccc(C(C)N=O)c3)n2)cc(OC)c1OC,25607,IC50,11000.0,1,18473434,10.1021/jm070776b,0
COc1cc(Nc2cncc(Oc3cccc4c3CCC4N=O)n2)cc(OC)c1OC,25609,IC50,1400.0,1,18473434,10.1021/jm070776b,0
COc1cc(Oc2nccc(C)n2)ccc1-c1cc2c(cc1F)ncc1ncn(C3(C)CCN(C(=O)C(C)O)CC3)c12,200392,IC50,157.0,1,,10.7270/Q2W094RM,0
COc1cc(Oc2nccc(C)n2)ccc1-c1cc2c(cc1F)ncc1ncn(C3(C)CCN(C(=O)CO)CC3)c12,200396,IC50,21.0,1,,10.7270/Q2W094RM,0
COc1cc(Oc2nccc(C)n2)ccc1-c1cc2c(cc1F)ncc1ncn(C3(C)CCN(C(N)=O)CC3)c12,200409,IC50,2.7,1,,10.7270/Q2W094RM,1
COc1cc(Oc2nccc(C)n2)ccc1-c1cc2c(cc1F)ncc1ncn(C3(C)CCN(CCO)CC3)c12,200390,IC50,13.0,1,,10.7270/Q2W094RM,0
COc1cc(Oc2ncccn2)ccc1-c1cc2c(cc1F)ncc1nc(C)n([C@H]3CCN(C(=O)CO)C[C@@H]3F)c12,200459,IC50,5.7,1,,10.7270/Q2W094RM,1
COc1cc(Oc2ncccn2)ccc1-c1cc2c(cc1F)ncc1nc(C)n([C@H]3CCN(CC#N)C[C@@H]3F)c12,200433,IC50,3.7,1,,10.7270/Q2W094RM,1
COc1cc(Oc2ncccn2)ccc1-c1cc2c(cc1F)ncc1nc(C)n([C@H]3CCN(CC#N)C[C@H]3F)c12,200472,IC50,211.0,1,,10.7270/Q2W094RM,0
COc1cc(Oc2ncccn2)ccc1-c1cc2c(cc1F)ncc1ncn(C3(C)CCN(C(N)=O)CC3)c12,200410,IC50,4.6,1,,10.7270/Q2W094RM,1
COc1cc(Oc2ncccn2)ccc1-c1cc2c(cc1F)ncc1ncn(C3(C)CCN(CCO)CC3)c12,200391,IC50,333.0,1,,10.7270/Q2W094RM,0
COc1ncnc(Oc2ccc(-c3cc4c(cc3F)ncc3nc(C)n([C@H]5CCN(C(=O)CO)C[C@@H]5F)c34)c(Cl)c2)n1,200470,IC50,8.5,1,,10.7270/Q2W094RM,1
CS(=O)c1ccc(-c2nc(-c3ccncc3)c(-c3ccc(F)cc3)[nH]2)cc1,13336,Kd,530.0,2,,10.7270/Q2ZK5F2B,0
C[C@]12CCCN1CC1=NNC(=O)c3cc(F)cc4[nH]c2c1c34,207624,IC50,185000.0,1,,10.7270/Q2CN75ZV,0
Cc1c(Nc2c(F)c(F)cc(NS(=O)(=O)N(C)C)c2Cl)ccc2ncn(C)c(=O)c12,740794,IC50,20.0,1,,10.7270/Q2154NKN,0
Cc1c(Nc2c(F)c(F)cc(NS(=O)(=O)N3CC4CC3C4)c2Cl)ccc2ncn(C)c(=O)c12,740797,IC50,3.0,1,,10.7270/Q2154NKN,1
Cc1c(Nc2c(F)c(F)cc(NS(=O)(=O)N3CC4CC4C3)c2Cl)ccc2ncn(C)c(=O)c12,740798,IC50,1.0,1,,10.7270/Q2154NKN,1
Cc1c(Nc2c(F)c(F)cc(NS(=O)(=O)N3CCCC3)c2Cl)ccc2ncn(C)c(=O)c12,740792,IC50,3.0,1,,10.7270/Q2154NKN,1
Cc1c(Nc2c(F)c(F)cc(NS(=O)(=O)N3CC[C@@H](F)C3)c2Cl)ccc2ncn(C)c(=O)c12,740731,IC50,2.0,1,,10.7270/Q2154NKN,1
Cc1c(Nc2c(F)c(F)cc(NS(=O)(=O)N3C[C@@H](F)[C@@H](F)C3)c2Cl)ccc2ncn(C)c(=O)c12,740791,IC50,2.0,1,,10.7270/Q2154NKN,1
Cc1c(Nc2c(F)ccc(NS(=O)(=O)N(C)C)c2Cl)ccc2ncn(C)c(=O)c12,740767,IC50,301.0,1,,10.7270/Q2154NKN,0
Cc1c(Nc2c(F)ccc(NS(=O)(=O)N(C)C3CC3)c2Cl)ccc2ncn(C)c(=O)c12,740769,IC50,234.0,1,,10.7270/Q2154NKN,0
Cc1c(Nc2c(F)ccc(NS(=O)(=O)N(C)C3CCC3)c2Cl)ccc2ncn(C)c(=O)c12,740770,IC50,203.0,1,,10.7270/Q2154NKN,0
Cc1c(Nc2c(F)ccc(NS(=O)(=O)N(C)C3CCOC3)c2Cl)ccc2ncn(C)c(=O)c12,740768,IC50,299.0,1,,10.7270/Q2154NKN,0
Cc1c(Nc2c(F)ccc(NS(=O)(=O)N3CC(C#N)C3)c2Cl)ccc2ncn(C)c(=O)c12,740842,IC50,27.0,1,,10.7270/Q2154NKN,0
Cc1c(Nc2c(F)ccc(NS(=O)(=O)N3CC(C)(F)C3)c2Cl)ccc2ncn(C)c(=O)c12,740851,IC50,7.0,1,,10.7270/Q2154NKN,1
Cc1c(Nc2c(F)ccc(NS(=O)(=O)N3CC(C)C3)c2Cl)ccc2ncn(C)c(=O)c12,740843,IC50,19.0,1,,10.7270/Q2154NKN,0
Cc1c(Nc2c(F)ccc(NS(=O)(=O)N3CC(COC(F)(F)F)C3)c2Cl)ccc2ncn(C)c(=O)c12,740852,IC50,202.0,1,,10.7270/Q2154NKN,0
Cc1c(Nc2c(F)ccc(NS(=O)(=O)N3CC(COC(F)F)C3)c2Cl)ccc2ncn(C)c(=O)c12,740833,IC50,8.0,1,,10.7270/Q2154NKN,1
Cc1c(Nc2c(F)ccc(NS(=O)(=O)N3CC(COCF)C3)c2Cl)ccc2ncn(C)c(=O)c12,740860,IC50,113.0,1,,10.7270/Q2154NKN,0
Cc1c(Nc2c(F)ccc(NS(=O)(=O)N3CC(F)(F)C3)c2Cl)ccc2ncn(C)c(=O)c12,740830,IC50,7.0,1,,10.7270/Q2154NKN,1
Cc1c(Nc2c(F)ccc(NS(=O)(=O)N3CC(F)C3)c2Cl)ccc2ncn(C)c(=O)c12,740821,IC50,5.0,1,,10.7270/Q2154NKN,1
Cc1c(Nc2c(F)ccc(NS(=O)(=O)N3CC(OC(F)(F)F)C3)c2Cl)ccc2ncn(C)c(=O)c12,740858,IC50,114.0,1,,10.7270/Q2154NKN,0
Cc1c(Nc2c(F)ccc(NS(=O)(=O)N3CC(OC(F)F)C3)c2Cl)ccc2ncn(C)c(=O)c12,740857,IC50,24.0,1,,10.7270/Q2154NKN,0
Cc1c(Nc2c(F)ccc(NS(=O)(=O)N3CC4(CC4)C3)c2Cl)ccc2ncn(C)c(=O)c12,740859,IC50,8.0,1,,10.7270/Q2154NKN,1
Cc1c(Nc2c(F)ccc(NS(=O)(=O)N3CC4(CCC4)C3)c2Cl)ccc2ncn(C)c(=O)c12,740853,IC50,29.0,1,,10.7270/Q2154NKN,0
Cc1c(Nc2c(F)ccc(NS(=O)(=O)N3CC4C(F)C4C3)c2Cl)ccc2ncn(C)c(=O)c12,740844,IC50,27.0,1,,10.7270/Q2154NKN,0
Cc1c(Nc2c(F)ccc(NS(=O)(=O)N3CC4CC3C4)c2Cl)ccc2ncn(C)c(=O)c12,740783,IC50,33.0,1,,10.7270/Q2154NKN,0
Cc1c(Nc2c(F)ccc(NS(=O)(=O)N3CC4CC4(C)C3)c2Cl)ccc2ncn(C)c(=O)c12,740784,IC50,27.0,1,,10.7270/Q2154NKN,0
Cc1c(Nc2c(F)ccc(NS(=O)(=O)N3CC4CC4(F)C3)c2Cl)ccc2ncn(C)c(=O)c12,740845,IC50,8.0,1,,10.7270/Q2154NKN,1
Cc1c(Nc2c(F)ccc(NS(=O)(=O)N3CC4CC4C3)c2Cl)ccc2ncn(C)c(=O)c12,740788,IC50,8.0,1,,10.7270/Q2154NKN,1
Cc1c(Nc2c(F)ccc(NS(=O)(=O)N3CC4CCC3C4)c2Cl)ccc2ncn(C)c(=O)c12,740777,IC50,75.0,1,,10.7270/Q2154NKN,0
Cc1c(Nc2c(F)ccc(NS(=O)(=O)N3CCC(C(F)(F)F)C3)c2Cl)ccc2ncn(C)c(=O)c12,740772,IC50,183.0,1,,10.7270/Q2154NKN,0
Cc1c(Nc2c(F)ccc(NS(=O)(=O)N3CCC(F)(F)C3)c2Cl)ccc2ncn(C)c(=O)c12,740789,IC50,3.0,1,,10.7270/Q2154NKN,1
Cc1c(Nc2c(F)ccc(NS(=O)(=O)N3CCC(O)CC3)c2Cl)ccc2ncn(C)c(=O)c12,740773,IC50,177.0,1,,10.7270/Q2154NKN,0
Cc1c(Nc2c(F)ccc(NS(=O)(=O)N3CCC3)c2Cl)ccc2ncn(C)c(=O)c12,740820,IC50,17.0,1,,10.7270/Q2154NKN,0
Cc1c(Nc2c(F)ccc(NS(=O)(=O)N3CCC4(CC4)C3)c2Cl)ccc2ncn(C)c(=O)c12,740778,IC50,69.0,1,,10.7270/Q2154NKN,0
Cc1c(Nc2c(F)ccc(NS(=O)(=O)N3CCC4CC43)c2Cl)ccc2ncn(C)c(=O)c12,740849,IC50,71.0,1,,10.7270/Q2154NKN,0
Cc1c(Nc2c(F)ccc(NS(=O)(=O)N3CCC4CC4C3)c2Cl)ccc2ncn(C)c(=O)c12,740776,IC50,103.0,1,,10.7270/Q2154NKN,0
Cc1c(Nc2c(F)ccc(NS(=O)(=O)N3CCCC3)c2F)ccc2ncn(C)c(=O)c12,740809,IC50,38.0,1,,10.7270/Q2154NKN,0
Cc1c(Nc2c(F)ccc(NS(=O)(=O)N3CCCCC3)c2Cl)ccc2ncn(C)c(=O)c12,740780,IC50,53.0,1,,10.7270/Q2154NKN,0
Cc1c(Nc2c(F)ccc(NS(=O)(=O)N3CCOCC3)c2Cl)ccc2ncn(C)c(=O)c12,740775,IC50,111.0,1,,10.7270/Q2154NKN,0
Cc1c(Nc2c(F)ccc(NS(=O)(=O)N3CC[C@@H](F)C3)c2F)ccc2ncn(C)c(=O)c12,740810,IC50,16.0,1,,10.7270/Q2154NKN,0
Cc1c(Nc2c(F)ccc(NS(=O)(=O)N3CC[C@@H](OC(F)F)C3)c2Cl)ccc2ncn(C)c(=O)c12,740753,IC50,3.0,2,,10.7270/Q2154NKN,1
Cc1c(Nc2c(F)ccc(NS(=O)(=O)N3CC[C@H](F)C3)c2Cl)ccc2ncn(C)c(=O)c12,740782,IC50,42.0,1,,10.7270/Q2154NKN,0
Cc1c(Nc2c(F)ccc(NS(=O)(=O)N3C[C@@H](F)[C@@H](F)C3)c2Cl)ccc2ncn(C)c(=O)c12,740786,IC50,9.0,1,,10.7270/Q2154NKN,1
Cc1c(Nc2c(F)ccc(NS(=O)(=O)N3C[C@H](F)[C@@H](F)C3)c2Cl)ccc2ncn(C)c(=O)c12,740781,IC50,52.0,1,,10.7270/Q2154NKN,0
Cc1c(Nc2cc(Cl)cc(NS(=O)(=O)N3CCCC3)c2F)ccc2ncn(C)c(=O)c12,740800,IC50,5.0,1,,10.7270/Q2154NKN,1
Cc1c(Nc2cc(Cl)cc(NS(=O)(=O)N3CC[C@@H](F)C3)c2F)ccc2ncn(C)c(=O)c12,740799,IC50,5.0,1,,10.7270/Q2154NKN,1
Cc1c(Nc2cc(F)cc(NS(=O)(=O)N3CCCC3)c2Cl)ccc2ncn(C)c(=O)c12,740846,IC50,18.0,1,,10.7270/Q2154NKN,0
Cc1c(Nc2cc(F)cc(NS(=O)(=O)N3CCCC3)c2F)ccc2ncn(C)c(=O)c12,740850,IC50,28.0,1,,10.7270/Q2154NKN,0
Cc1c(Nc2cc(F)cc(NS(=O)(=O)N3CC[C@@H](F)C3)c2Cl)ccc2ncn(C)c(=O)c12,740847,IC50,14.0,1,,10.7270/Q2154NKN,0
Cc1c(Oc2c(F)ccc(NS(=O)(=O)N3CC(F)C3)c2Cl)ccc2ncn(C)c(=O)c12,740812,IC50,4.0,1,,10.7270/Q2154NKN,1
Cc1c(Oc2c(F)ccc(NS(=O)(=O)N3CC4CC4C3)c2Cl)ccc2ncn(C)c(=O)c12,740787,IC50,9.0,1,,10.7270/Q2154NKN,1
Cc1cc(Oc2ccc(-c3cc4c(cc3F)ncc3nc(C)n(C5CCN(CC#N)CC5)c34)c(Cl)c2)nc(C#N)n1,200431,IC50,18.0,1,,10.7270/Q2W094RM,0
Cc1cc(Oc2ncccn2)ccc1-c1cc2c(cc1F)ncc1nc(C)n([C@H]3CCN(C(=O)CO)C[C@@H]3F)c12,200461,IC50,2.6,1,,10.7270/Q2W094RM,1
Cc1ccc(C(=O)Nc2cc(N(C)CCN(C)C)cc(C(F)(F)F)c2)cc1Nc1ncnc2cnc(N3CCS(=O)CC3)nc12,117481,IC50,6.0,1,,10.7270/Q2CR5S1G,1
Cc1ccc(C(=O)Nc2ccc(CNCCN3CCC(=O)CC3)c(C(F)(F)F)c2)cc1C#Cc1cnc2cccnn12,780144,IC50,31.0,1,,10.7270/Q2P84HNT,0
Cc1ccc(C(=O)Nc2ccc(CNCCN3CCN(S(C)(=O)=O)CC3)c(C(F)(F)F)c2)cc1C#Cc1cnc2cccnn12,780145,IC50,29.0,1,,10.7270/Q2P84HNT,0
Cc1ccc(C(=O)Nc2ccc(CNCCN3CCNCC3)c(C(F)(F)F)c2)cc1C#Cc1cnc2cccnn12,780152,IC50,5.5,1,,10.7270/Q2P84HNT,1
Cc1ccc(C(=O)Nc2ccc(CNCCN3CCOCC3)c(C(F)(F)F)c2)cc1C#Cc1cnc2cccnn12,780141,IC50,10.0,1,,10.7270/Q2P84HNT,1
Cc1ccc(C(=O)Nc2ccc(CNCCc3ccncn3)c(C(F)(F)F)c2)cc1C#Cc1cnc2cccnn12,780146,IC50,44.0,1,,10.7270/Q2P84HNT,0
Cc1ccc(NC(=O)c2ccnc(C(C)(C)C#N)c2)cc1-c1cccc(C2(C)COC2)c1,313300,IC50,1210945.0,1,,10.7270/Q2W0981V,0
Cc1ccc(NC(=O)c2ccnc(C(C)(C)C#N)c2)cc1-c1cccc(C2COC2)c1,313301,IC50,25000340.0,1,,10.7270/Q2W0981V,0
Cc1ccc2c(Nc3ccc(Cl)cc3)nccc2c1Nc1ncccc1-c1ncnc2nc[nH]c12,35327,IC50,1.6,1,19764794,10.1021/jm901081g,1
Cc1ccnc(Oc2ccc(-c3cc4c(cc3F)ncc3nc(C)n(C5CCN(C(=O)C(C)O)CC5)c34)c(Cl)c2)n1,200401,IC50,19.0,1,,10.7270/Q2W094RM,0
Cc1ccnc(Oc2ccc(-c3cc4c(cc3F)ncc3nc(C)n(C5CCN(C(=O)CN)CC5)c34)c(Cl)c2)n1,200412,IC50,186.0,1,,10.7270/Q2W094RM,0
Cc1ccnc(Oc2ccc(-c3cc4c(cc3F)ncc3nc(C)n(C5CCN(C(=O)CO)CC5)c34)c(C)c2)n1,200448,IC50,80.0,1,,10.7270/Q2W094RM,0
Cc1ccnc(Oc2ccc(-c3cc4c(cc3F)ncc3nc(C)n(C5CCN(C(=O)CO)CC5)c34)c(Cl)c2)n1,200400,IC50,3.7,1,,10.7270/Q2W094RM,1
Cc1ccnc(Oc2ccc(-c3cc4c(cc3F)ncc3nc(C)n(C5CCN(C(=O)CO)CC5)c34)c(F)c2)n1,200442,IC50,39.0,1,,10.7270/Q2W094RM,0
Cc1ccnc(Oc2ccc(-c3cc4c(cc3F)ncc3nc(C)n(C5CCN(C(=O)CO)CC5)c34)cc2)n1,200449,IC50,179.0,1,,10.7270/Q2W094RM,0
Cc1ccnc(Oc2ccc(-c3cc4c(cc3F)ncc3nc(C)n(C5CCN(C(=O)[C@H](C)O)CC5)c34)c(Cl)c2)n1,200407,IC50,19.0,1,,10.7270/Q2W094RM,0
Cc1ccnc(Oc2ccc(-c3cc4c(cc3F)ncc3nc(C)n(C5CCN(C(N)=O)CC5)c34)c(C)c2)n1,200447,IC50,40.0,1,,10.7270/Q2W094RM,0
Cc1ccnc(Oc2ccc(-c3cc4c(cc3F)ncc3nc(C)n(C5CCN(C(N)=O)CC5)c34)c(Cl)c2)n1,200403,IC50,3.0,1,,10.7270/Q2W094RM,1
Cc1ccnc(Oc2ccc(-c3cc4c(cc3F)ncc3nc(C)n(C5CCN(C(N)=O)CC5)c34)c(F)c2)n1,200441,IC50,4.3,1,,10.7270/Q2W094RM,1
Cc1ccnc(Oc2ccc(-c3cc4c(cc3F)ncc3nc(C)n(C5CCN(CCO)CC5)c34)c(Cl)c2)n1,200408,IC50,26.0,1,,10.7270/Q2W094RM,0
Cc1ccnc(Oc2ccc(-c3cc4c(cc3F)ncc3nc(C)n(C5CCN(S(C)(=O)=O)CC5)c34)c(Cl)c2)n1,200404,IC50,32.0,1,,10.7270/Q2W094RM,0
Cc1ccnc(Oc2ccc(-c3cc4c(cc3F)ncc3nc(C)n([C@H]5CCN(C(=O)CO)C[C@@H]5F)c34)c(Cl)c2)n1,200439,IC50,4.7,1,,10.7270/Q2W094RM,1
Cc1ccnc(Oc2ccc(-c3cc4c(cc3F)ncc3nc(C)n([C@H]5CCN(CC#N)C[C@@H]5F)c34)c(Cl)c2)n1,200430,IC50,3.0,1,,10.7270/Q2W094RM,1
Cc1ccnc(Oc2ccc(-c3cc4c(cc3F)ncc3nc(C)n([C@H]5CCN(CC#N)C[C@H]5F)c34)c(Cl)c2)n1,200471,IC50,19.0,1,,10.7270/Q2W094RM,0
Cc1ccnc(Oc2ccc(-c3cc4c(cc3F)ncc3ncn(C5(C)CCN(C(=O)C(C)O)CC5)c34)c(Cl)c2)n1,200393,IC50,28.0,1,,10.7270/Q2W094RM,0
Cc1ccnc(Oc2ccc(-c3cc4c(cc3F)ncc3ncn(C5(C)CCN(C(=O)CO)CC5)c34)c(Cl)c2)n1,200398,IC50,4.3,1,,10.7270/Q2W094RM,1
Cc1ccnc(Oc2ccc(-c3cc4c(cc3F)ncc3ncn(C5(C)CCN(C(=O)CO)CC5)c34)c(F)c2)n1,200454,IC50,47.0,1,,10.7270/Q2W094RM,0
Cc1ccnc(Oc2ccc(-c3cc4c(cc3F)ncc3ncn(C5(C)CCN(C(N)=O)CC5)c34)c(Cl)c2)n1,200436,IC50,2.4,1,,10.7270/Q2W094RM,1
Cc1ccnc(Oc2ccc(-c3cc4c(cc3F)ncc3ncn(C5(C)CCN(C(N)=O)CC5)c34)c(F)c2)n1,200450,IC50,9.2,1,,10.7270/Q2W094RM,1
Cc1ccnc(Oc2ccc(-c3cc4c(cc3F)ncc3ncn(C5(C)CCN(CCO)CC5)c34)c(Cl)c2)n1,200387,IC50,16.0,1,,10.7270/Q2W094RM,0
Cc1ccnc(Oc2ccc(-c3cc4c(cc3F)ncc3ncn(C5(CO)CCN(C(=O)CN)CC5)c34)c(Cl)c2)n1,200413,IC50,22.0,1,,10.7270/Q2W094RM,0
Cc1nc(Cl)cc(Nc2cccc(NC(=O)Nc3ccc(Cl)c(C(F)(F)F)c3)c2)n1,107673,IC50,298.0,2,24164966,10.1111/cbdd.12198,0
Cc1nc(N2CCN(C)CC2)cc(N(C)c2cccc(NC(=O)Nc3ccc(Cl)c(C(F)(F)F)c3)c2)n1,107679,IC50,4993.0,2,24164966,10.1111/cbdd.12198,0
Cc1nc(N2CCOCC2)cc(N(C)c2cccc(NC(=O)Nc3ccc(Cl)c(C(F)(F)F)c3)c2)n1,107678,IC50,1369.0,2,24164966,10.1111/cbdd.12198,0
Cc1nc(N2CCOCC2)cc(N(C)c2cccc(NC(=O)Nc3ccc(F)c(Cl)c3)c2)n1,107677,IC50,232.0,2,24164966,10.1111/cbdd.12198,0
Cc1nc(Nc2cccc(NC(=O)Nc3ccc(Cl)c(C(F)(F)F)c3)c2)cc(N2CCN(C)CC2)n1,107676,IC50,7166.0,1,24164966,10.1111/cbdd.12198,0
Cc1nc(Nc2cccc(NC(=O)Nc3ccc(F)c(Cl)c3)c2)cc(N2CCOCC2)n1,107674,IC50,626.0,2,24164966,10.1111/cbdd.12198,0
Cc1nc(Oc2ccc(-c3cc4c(cc3F)ncc3nc(C)n(C5CCN(C(=O)CO)CC5)c34)c(Cl)c2)ncc1F,200421,IC50,11.0,1,,10.7270/Q2W094RM,0
Cc1nc(Oc2ccc(-c3cc4c(cc3F)ncc3nc(C)n([C@H]5CCN(C(=O)CO)C[C@@H]5F)c34)c(Cl)c2)ncc1F,200426,IC50,6.2,2,,10.7270/Q2W094RM,1
Cc1nc2cnc3cc(F)c(-c4ccc(Oc5cc(=O)n(C)cn5)cc4Cl)cc3c2n1C1CCN(C(=O)CO)CC1,200443,IC50,45.0,1,,10.7270/Q2W094RM,0
Cc1nc2cnc3cc(F)c(-c4ccc(Oc5cc(=O)n(C)cn5)cc4Cl)cc3c2n1C1CCN(C(N)=O)CC1,200445,IC50,10.0,1,,10.7270/Q2W094RM,1
Cc1nc2cnc3cc(F)c(-c4ccc(Oc5cc(=O)n(C)cn5)cc4Cl)cc3c2n1C1CCN(CC#N)CC1,200432,IC50,113.0,1,,10.7270/Q2W094RM,0
Cc1nc2cnc3cc(F)c(-c4ccc(Oc5cccc(CO)n5)cc4Cl)cc3c2n1C1CCN(C(=O)CO)CC1,200417,IC50,2.0,1,,10.7270/Q2W094RM,1
Cc1nc2cnc3cc(F)c(-c4ccc(Oc5cccc(F)n5)cc4Cl)cc3c2n1C1CCN(C(=O)CO)CC1,200420,IC50,1.7,1,,10.7270/Q2W094RM,1
Cc1nc2cnc3cc(F)c(-c4ccc(Oc5cccn(C)c5=O)cc4Cl)cc3c2n1C1CCN(C(=O)CO)CC1,200434,IC50,8.5,1,,10.7270/Q2W094RM,1
Cc1nc2cnc3cc(F)c(-c4ccc(Oc5cccn(C)c5=O)cc4Cl)cc3c2n1C1CCN(C(=O)[C@H](C)O)CC1,200452,IC50,7.0,1,,10.7270/Q2W094RM,1
Cc1nc2cnc3cc(F)c(-c4ccc(Oc5cccn(C)c5=O)cc4Cl)cc3c2n1C1CCN(C(N)=O)CC1,200444,IC50,3.6,1,,10.7270/Q2W094RM,1
Cc1nc2cnc3cc(F)c(-c4ccc(Oc5nccc(C(F)(F)F)n5)cc4Cl)cc3c2n1[C@H]1CCN(C(=O)CO)C[C@@H]1F,200424,IC50,1.0,1,,10.7270/Q2W094RM,1
Cc1nc2cnc3cc(F)c(-c4ccc(Oc5nccc(C6CC6)n5)cc4Cl)cc3c2n1C1CCN(C(=O)CO)CC1,200427,IC50,1.5,1,,10.7270/Q2W094RM,1
Cc1nc2cnc3cc(F)c(-c4ccc(Oc5nccc(CO)n5)cc4Cl)cc3c2n1[C@H]1CCN(C(=O)CO)C[C@@H]1F,200460,IC50,2.6,1,,10.7270/Q2W094RM,1
Cc1nc2cnc3cc(F)c(-c4ccc(Oc5nccc(F)n5)cc4Cl)cc3c2n1C1CCN(C(=O)CO)CC1,200419,IC50,10.0,1,,10.7270/Q2W094RM,1
Cc1nc2cnc3cc(F)c(-c4ccc(Oc5ncccn5)cc4Cl)cc3c2n1C1CCN(C(=O)C(C)F)CC1,200415,IC50,60.0,2,,10.7270/Q2W094RM,0
Cc1nc2cnc3cc(F)c(-c4ccc(Oc5ncccn5)cc4Cl)cc3c2n1C1CCN(C(=O)C(C)O)CC1,200378,IC50,62.0,1,,10.7270/Q2W094RM,0
Cc1nc2cnc3cc(F)c(-c4ccc(Oc5ncccn5)cc4Cl)cc3c2n1C1CCN(C(=O)C(CO)CO)CC1,200394,IC50,1346.0,1,,10.7270/Q2W094RM,0
Cc1nc2cnc3cc(F)c(-c4ccc(Oc5ncccn5)cc4Cl)cc3c2n1C1CCN(C(=O)CF)CC1,200467,IC50,40.0,1,,10.7270/Q2W094RM,0
Cc1nc2cnc3cc(F)c(-c4ccc(Oc5ncccn5)cc4Cl)cc3c2n1C1CCN(C(=O)CN)CC1,200411,IC50,455.0,1,,10.7270/Q2W094RM,0
Cc1nc2cnc3cc(F)c(-c4ccc(Oc5ncccn5)cc4Cl)cc3c2n1C1CCN(C(=O)CO)CC1,200386,IC50,7.1,1,,10.7270/Q2W094RM,1
Cc1nc2cnc3cc(F)c(-c4ccc(Oc5ncccn5)cc4Cl)cc3c2n1C1CCN(C(=O)CO)C[C@H]1F,200373,IC50,138.0,1,,10.7270/Q2W094RM,0
Cc1nc2cnc3cc(F)c(-c4ccc(Oc5ncccn5)cc4Cl)cc3c2n1C1CCN(C(=O)N(C)C)CC1,200383,IC50,2350.0,1,,10.7270/Q2W094RM,0
Cc1nc2cnc3cc(F)c(-c4ccc(Oc5ncccn5)cc4Cl)cc3c2n1C1CCN(C(=O)NCC(F)(F)F)CC1,200418,IC50,191.0,1,,10.7270/Q2W094RM,0
Cc1nc2cnc3cc(F)c(-c4ccc(Oc5ncccn5)cc4Cl)cc3c2n1C1CCN(C(=O)[C@H](C)O)CC1,200406,IC50,88.0,1,,10.7270/Q2W094RM,0
Cc1nc2cnc3cc(F)c(-c4ccc(Oc5ncccn5)cc4Cl)cc3c2n1C1CCN(C(C)CO)CC1,200388,IC50,59.0,1,,10.7270/Q2W094RM,0
Cc1nc2cnc3cc(F)c(-c4ccc(Oc5ncccn5)cc4Cl)cc3c2n1C1CCN(C(N)=O)CC1,200402,IC50,11.0,1,,10.7270/Q2W094RM,0
Cc1nc2cnc3cc(F)c(-c4ccc(Oc5ncccn5)cc4Cl)cc3c2n1C1CCN(CC#N)CC1,200455,IC50,22.0,1,,10.7270/Q2W094RM,0
Cc1nc2cnc3cc(F)c(-c4ccc(Oc5ncccn5)cc4Cl)cc3c2n1C1CCN(CC(C)O)CC1,200379,IC50,468.0,1,,10.7270/Q2W094RM,0
Cc1nc2cnc3cc(F)c(-c4ccc(Oc5ncccn5)cc4Cl)cc3c2n1C1CCN(CC(CO)CO)CC1,200395,IC50,322.0,1,,10.7270/Q2W094RM,0
Cc1nc2cnc3cc(F)c(-c4ccc(Oc5ncccn5)cc4Cl)cc3c2n1C1CCN(CC(N)=O)CC1,200385,IC50,515.0,1,,10.7270/Q2W094RM,0
Cc1nc2cnc3cc(F)c(-c4ccc(Oc5ncccn5)cc4Cl)cc3c2n1C1CCN(CC2(C)COC2)CC1,200376,IC50,309.0,1,,10.7270/Q2W094RM,0
Cc1nc2cnc3cc(F)c(-c4ccc(Oc5ncccn5)cc4Cl)cc3c2n1C1CCN(CC2COC2)CC1,200397,IC50,655.0,1,,10.7270/Q2W094RM,0
Cc1nc2cnc3cc(F)c(-c4ccc(Oc5ncccn5)cc4Cl)cc3c2n1C1CCN(CCO)CC1,200375,IC50,104.0,1,,10.7270/Q2W094RM,0
Cc1nc2cnc3cc(F)c(-c4ccc(Oc5ncccn5)cc4Cl)cc3c2n1C1CCN(S(=O)(=O)C(C)C)CC1,200381,IC50,103.0,1,,10.7270/Q2W094RM,0
Cc1nc2cnc3cc(F)c(-c4ccc(Oc5ncccn5)cc4Cl)cc3c2n1C1CCN(S(=O)(=O)C2CC2)CC1,200380,IC50,15.0,1,,10.7270/Q2W094RM,0
Cc1nc2cnc3cc(F)c(-c4ccc(Oc5ncccn5)cc4Cl)cc3c2n1C1CCN(S(=O)(=O)N(C)C)CC1,200382,IC50,213.0,1,,10.7270/Q2W094RM,0
Cc1nc2cnc3cc(F)c(-c4ccc(Oc5ncccn5)cc4Cl)cc3c2n1C1CCN(S(C)(=O)=O)CC1,200377,IC50,40.0,1,,10.7270/Q2W094RM,0
Cc1nc2cnc3cc(F)c(-c4ccc(Oc5ncccn5)cc4Cl)cc3c2n1C1CCOCC1F,200429,IC50,280.0,1,,10.7270/Q2W094RM,0
Cc1nc2cnc3cc(F)c(-c4ccc(Oc5ncccn5)cc4Cl)cc3c2n1C1CCS(=O)(=O)CC1,200428,IC50,47.0,1,,10.7270/Q2W094RM,0
Cc1nc2cnc3cc(F)c(-c4ccc(Oc5ncccn5)cc4Cl)cc3c2n1[C@H]1CCN(C(=O)C2CCO2)C[C@@H]1F,200457,IC50,11.0,1,,10.7270/Q2W094RM,0
Cc1nc2cnc3cc(F)c(-c4ccc(Oc5ncccn5)cc4Cl)cc3c2n1[C@H]1CCN(C(=O)CCO)C[C@@H]1F,200469,IC50,40.0,1,,10.7270/Q2W094RM,0
Cc1nc2cnc3cc(F)c(-c4ccc(Oc5ncccn5)cc4Cl)cc3c2n1[C@H]1CCN(C(=O)CF)C[C@@H]1F,200468,IC50,11.0,1,,10.7270/Q2W094RM,0
Cc1nc2cnc3cc(F)c(-c4ccc(Oc5ncccn5)cc4Cl)cc3c2n1[C@H]1CCN(C(=O)CO)C[C@@H]1F,200372,IC50,5.0,1,,10.7270/Q2W094RM,1
Cc1nc2cnc3cc(F)c(-c4ccc(Oc5ncccn5)cc4Cl)cc3c2n1[C@H]1CCN(C(=O)COS(=O)(=O)O)C[C@@H]1F,200462,IC50,18.0,1,,10.7270/Q2W094RM,0
Cc1nc2cnc3cc(F)c(-c4ccc(Oc5ncccn5)cc4Cl)cc3c2n1[C@H]1CCN(C(=O)[C@H](C)O)C[C@@H]1F,200466,IC50,7.3,1,,10.7270/Q2W094RM,1
Cc1nc2cnc3cc(F)c(-c4ccc(Oc5ncccn5)cc4Cl)cc3c2n1[C@H]1CCN(C(N)=O)C[C@@H]1F,200465,IC50,2.7,1,,10.7270/Q2W094RM,1
Cc1nc2cnc3cc(F)c(-c4ccc(Oc5ncccn5)cc4Cl)cc3c2n1[C@H]1CCN(CC#N)CC1F,200456,IC50,11.0,1,,10.7270/Q2W094RM,0
Cc1nc2cnc3cc(F)c(-c4ccc(Oc5ncccn5)cc4Cl)cc3c2n1[C@H]1CCN(S(C)(=O)=O)C[C@@H]1F,200423,IC50,12.0,1,,10.7270/Q2W094RM,0
Cc1nc2cnc3cc(F)c(-c4ccc(Oc5ncccn5)cc4F)cc3c2n1[C@H]1CCN(C(=O)CO)C[C@@H]1F,200463,IC50,32.0,1,,10.7270/Q2W094RM,0
Cc1nc2cnc3cc(F)c(-c4ccc(Oc5nccn(C)c5=O)cc4Cl)cc3c2n1C1CCN(C(N)=O)CC1,200453,IC50,4.5,1,,10.7270/Q2W094RM,1
Cc1ncc(NC(=O)c2cccc(C(F)(F)F)c2)cc1-c1c[nH]c(=O)c(N2CCOCC2)c1,87960,IC50,5.83,2,,10.7270/Q2MC8X6W,1
Cc1ncc(NC(=O)c2cccc(C(F)(F)F)c2)cc1-c1cc(C2(F)COC2)c(=O)n(CC(O)CO)c1,313327,IC50,1178656.0,1,,10.7270/Q2W0981V,0
Cn1c(=O)[nH]c(=O)c2c1[nH]c(=S)n2Cc1ccc(Cl)cc1,25378,IC50,2100.0,1,18783202,10.1021/jm800539g,0
Cn1c(=O)[nH]c(=O)c2c1nc(N=NCc1ccc([N+](=O)[O-])cc1)n2Cc1ccccc1,25389,IC50,57890.0,1,18783202,10.1021/jm800539g,0
Cn1c(Nc2ccc(Br)cc2)nc2cc(Oc3ccnc(C(=O)NCCN4CCOCC4)c3)ccc21,26036,IC50,31.0,1,18942827,10.1021/jm801050k,0
Cn1cc(-c2ccc(C(=N)NO)cc2)c(-c2ccncc2)n1,25648,IC50,18.0,1,18676143,10.1016/j.bmcl.2008.07.002,0
Cn1cc(-c2ccc3c(c2)CCC3N=O)c(-c2ccc3c(cnn3C)c2)n1,25642,IC50,970.0,1,18676143,10.1016/j.bmcl.2008.07.002,0
Cn1cc(-c2ccc3c(c2)CCC3N=O)c(-c2cccnc2)n1,25643,IC50,434.0,1,18676143,10.1016/j.bmcl.2008.07.002,0
Cn1cc(-c2ccc3c(c2)CCC3N=O)c(-c2ccnc(N)c2)n1,25645,IC50,2.1,1,18676143,10.1016/j.bmcl.2008.07.002,1
Cn1cc(-c2ccc3c(c2)CCC3N=O)c(-c2ccncc2)n1,25619,IC50,0.02,1,18676143,10.1016/j.bmcl.2008.07.002,1
Cn1cc(-c2ccc3c(c2)CCC3N=O)c(-c2ccncc2O)n1,25646,IC50,2.9,1,18676143,10.1016/j.bmcl.2008.07.002,1
Cn1cc(-c2ccc3c(c2)CCC3N=O)c(-c2ccncn2)n1,25647,IC50,3.1,1,18676143,10.1016/j.bmcl.2008.07.002,1
Cn1cc(-c2ccc3c(c2)CCC3N=O)c(-c2cnco2)n1,25644,IC50,4.1,1,18676143,10.1016/j.bmcl.2008.07.002,1
Cn1cc(-c2ccc3c(c2)CCN=C3NO)c(-c2ccncc2)n1,25650,IC50,16.0,1,18676143,10.1016/j.bmcl.2008.07.002,0
Cn1cccc(Oc2ccc(-c3cc4c(cc3F)ncc3ncn(C5(C)CCN(C(N)=O)CC5)c34)c(Cl)c2)c1=O,200446,IC50,3.8,1,,10.7270/Q2W094RM,1
Cn1cnc(Oc2ccc(-c3cc4c(cc3F)ncc3ncn(C5(C)CCN(C(=O)CO)CC5)c34)c(Cl)c2)cc1=O,200440,IC50,59.0,1,,10.7270/Q2W094RM,0
Cn1cnc2ccc(Nc3c(F)c(F)cc(NS(=O)(=O)N4CC5CC4C5)c3Cl)c(F)c2c1=O,740737,IC50,3.0,1,,10.7270/Q2154NKN,1
Cn1cnc2ccc(Nc3c(F)c(F)cc(NS(=O)(=O)N4CCCC4)c3Cl)c(Cl)c2c1=O,740727,IC50,1.0,1,,10.7270/Q2154NKN,1
Cn1cnc2ccc(Nc3c(F)c(F)cc(NS(=O)(=O)N4CCCC4)c3Cl)c(F)c2c1=O,740736,IC50,2.0,1,,10.7270/Q2154NKN,1
Cn1cnc2ccc(Nc3c(F)c(F)cc(NS(=O)(=O)N4CCCC4)c3F)c(Cl)c2c1=O,740739,IC50,1.0,1,,10.7270/Q2154NKN,1
Cn1cnc2ccc(Nc3c(F)c(F)cc(NS(=O)(=O)N4CC[C@@H](F)C4)c3Cl)c(Cl)c2c1=O,740729,IC50,1.0,1,,10.7270/Q2154NKN,1
Cn1cnc2ccc(Nc3c(F)c(F)cc(NS(=O)(=O)N4CC[C@@H](F)C4)c3Cl)c(F)c2c1=O,740742,IC50,1.0,1,,10.7270/Q2154NKN,1
Cn1cnc2ccc(Nc3c(F)c(F)cc(NS(=O)(=O)N4CC[C@@H](F)C4)c3F)c(Cl)c2c1=O,740732,IC50,1.0,1,,10.7270/Q2154NKN,1
Cn1cnc2ccc(Nc3c(F)ccc(NS(=O)(=O)N4CC(COC(F)F)C4)c3Cl)c(Cl)c2c1=O,740834,IC50,3.0,1,,10.7270/Q2154NKN,1
Cn1cnc2ccc(Nc3c(F)ccc(NS(=O)(=O)N4CC(COC(F)F)C4)c3Cl)c(F)c2c1=O,740835,IC50,4.0,1,,10.7270/Q2154NKN,1
Cn1cnc2ccc(Nc3c(F)ccc(NS(=O)(=O)N4CC(F)(F)C4)c3Cl)c(Cl)c2c1=O,740831,IC50,3.0,1,,10.7270/Q2154NKN,1
Cn1cnc2ccc(Nc3c(F)ccc(NS(=O)(=O)N4CC(F)(F)C4)c3Cl)c(F)c2c1=O,740832,IC50,6.0,1,,10.7270/Q2154NKN,1
Cn1cnc2ccc(Nc3c(F)ccc(NS(=O)(=O)N4CC(F)C4)c3Cl)c(Cl)c2c1=O,740822,IC50,3.0,1,,10.7270/Q2154NKN,1
Cn1cnc2ccc(Nc3c(F)ccc(NS(=O)(=O)N4CC(F)C4)c3Cl)c(F)c2c1=O,740823,IC50,2.0,1,,10.7270/Q2154NKN,1
Cn1cnc2ccc(Nc3c(F)ccc(NS(=O)(=O)N4CC(OC(F)F)C4)c3Cl)c(Cl)c2c1=O,740839,IC50,8.0,1,,10.7270/Q2154NKN,1
Cn1cnc2ccc(Nc3c(F)ccc(NS(=O)(=O)N4CC(OC(F)F)C4)c3Cl)c(F)c2c1=O,740840,IC50,10.0,1,,10.7270/Q2154NKN,1
Cn1cnc2ccc(Nc3c(F)ccc(NS(=O)(=O)N4CC5(CCC5)C4)c3Cl)c(Cl)c2c1=O,740854,IC50,8.0,1,,10.7270/Q2154NKN,1
Cn1cnc2ccc(Nc3c(F)ccc(NS(=O)(=O)N4CC5(CCC5)C4)c3Cl)c(F)c2c1=O,740855,IC50,8.0,1,,10.7270/Q2154NKN,1
Cn1cnc2ccc(Nc3c(F)ccc(NS(=O)(=O)N4CC5CC4C5)c3Cl)c(Cl)c2c1=O,740705,IC50,2.0,2,,10.7270/Q2154NKN,1
Cn1cnc2ccc(Nc3c(F)ccc(NS(=O)(=O)N4CC5CC4C5)c3Cl)c(F)c2c1=O,740709,IC50,6.0,1,,10.7270/Q2154NKN,1
Cn1cnc2ccc(Nc3c(F)ccc(NS(=O)(=O)N4CC5CC5C4)c3Cl)c(Cl)c2c1=O,740713,IC50,4.0,1,,10.7270/Q2154NKN,1
Cn1cnc2ccc(Nc3c(F)ccc(NS(=O)(=O)N4CC5CC5C4)c3Cl)c(F)c2c1=O,740726,IC50,2.0,2,,10.7270/Q2154NKN,1
Cn1cnc2ccc(Nc3c(F)ccc(NS(=O)(=O)N4CCC(F)(F)C4)c3Cl)c(Cl)c2c1=O,740721,IC50,2.0,2,,10.7270/Q2154NKN,1
Cn1cnc2ccc(Nc3c(F)ccc(NS(=O)(=O)N4CCC(F)(F)C4)c3Cl)c(F)c2c1=O,740719,IC50,1.0,2,,10.7270/Q2154NKN,1
Cn1cnc2ccc(Nc3c(F)ccc(NS(=O)(=O)N4CCCC4)c3Cl)c(Br)c2c1=O,740707,IC50,7.0,1,,10.7270/Q2154NKN,1
Cn1cnc2ccc(Nc3c(F)ccc(NS(=O)(=O)N4CCCC4)c3Cl)c(C#N)c2c1=O,740746,IC50,2.0,1,,10.7270/Q2154NKN,1
Cn1cnc2ccc(Nc3c(F)ccc(NS(=O)(=O)N4CCCC4)c3Cl)c(Cl)c2c1=O,740708,IC50,7.0,1,,10.7270/Q2154NKN,1
Cn1cnc2ccc(Nc3c(F)ccc(NS(=O)(=O)N4CCCC4)c3Cl)c(F)c2c1=O,740703,IC50,12.0,1,,10.7270/Q2154NKN,0
Cn1cnc2ccc(Nc3c(F)ccc(NS(=O)(=O)N4CC[C@@H](F)C4)c3Cl)c(Br)c2c1=O,740720,IC50,2.0,1,,10.7270/Q2154NKN,1
Cn1cnc2ccc(Nc3c(F)ccc(NS(=O)(=O)N4CC[C@@H](F)C4)c3Cl)c(Cl)c2c1=O,740715,IC50,4.0,1,,10.7270/Q2154NKN,1
Cn1cnc2ccc(Nc3c(F)ccc(NS(=O)(=O)N4CC[C@@H](F)C4)c3Cl)c(F)c2c1=O,740710,IC50,5.0,1,,10.7270/Q2154NKN,1
Cn1cnc2ccc(Nc3c(F)ccc(NS(=O)(=O)N4CC[C@@H](OC(F)F)C4)c3Cl)c(Cl)c2c1=O,740725,IC50,2.0,2,,10.7270/Q2154NKN,1
Cn1cnc2ccc(Nc3c(F)ccc(NS(=O)(=O)N4CC[C@@H](OC(F)F)C4)c3Cl)c(F)c2c1=O,740722,IC50,4.0,2,,10.7270/Q2154NKN,1
Cn1cnc2ccc(Nc3c(F)ccc(NS(=O)(=O)N4CC[C@H](F)C4)c3Cl)c(Cl)c2c1=O,740724,IC50,4.0,1,,10.7270/Q2154NKN,1
Cn1cnc2ccc(Nc3c(F)ccc(NS(=O)(=O)N4CC[C@H](F)C4)c3Cl)c(F)c2c1=O,740723,IC50,5.0,1,,10.7270/Q2154NKN,1
Cn1cnc2ccc(Nc3c(F)ccc(NS(=O)(=O)N4C[C@@H](F)[C@@H](F)C4)c3Cl)c(Cl)c2c1=O,740718,IC50,1.0,2,,10.7270/Q2154NKN,1
Cn1cnc2ccc(Nc3c(F)ccc(NS(=O)(=O)N4C[C@@H](F)[C@@H](F)C4)c3Cl)c(F)c2c1=O,740717,IC50,2.0,2,,10.7270/Q2154NKN,1
Cn1cnc2ccc(Nc3cc(Cl)cc(NS(=O)(=O)N4CC[C@@H](F)C4)c3F)c(Cl)c2c1=O,740752,IC50,1.0,1,,10.7270/Q2154NKN,1
Cn1cnc2ccc(Nc3cc(Cl)cc(NS(=O)(=O)N4CC[C@@H](F)C4)c3F)c(F)c2c1=O,740754,IC50,3.0,1,,10.7270/Q2154NKN,1
Cn1cnc2ccc(Oc3c(F)ccc(NS(=O)(=O)N4CC(F)C4)c3Cl)c(Cl)c2c1=O,740816,IC50,2.0,1,,10.7270/Q2154NKN,1
Cn1cnc2ccc(Oc3c(F)ccc(NS(=O)(=O)N4CC(F)C4)c3Cl)c(F)c2c1=O,740818,IC50,2.0,1,,10.7270/Q2154NKN,1
Cn1cnc2ccc(Oc3c(F)ccc(NS(=O)(=O)N4CC5(CCC5)C4)c3C#N)cc2c1=O,756422,IC50,30.0,1,,10.7270/Q2GF104M,0
Cn1cnc2ccc(Oc3c(F)ccc(NS(=O)(=O)N4CC5CC4C5)c3Cl)c(F)c2c1=O,740745,IC50,2.0,1,,10.7270/Q2154NKN,1
Cn1cnc2ccc(Oc3c(F)ccc(NS(=O)(=O)N4CC5CC5C4)c3Cl)c(Cl)c2c1=O,740804,IC50,1.0,1,,10.7270/Q2154NKN,1
Cn1cnc2ccc(Oc3c(F)ccc(NS(=O)(=O)N4CCCC4)c3Cl)c(Cl)c2c1=O,740735,IC50,3.0,1,,10.7270/Q2154NKN,1
Cn1cnc2ccc(Oc3c(F)ccc(NS(=O)(=O)N4CCCC4)c3Cl)c(F)c2c1=O,740740,IC50,2.0,1,,10.7270/Q2154NKN,1
Cn1cnc2ccc(Oc3c(F)ccc(NS(=O)(=O)N4CC[C@@H](F)C4)c3Cl)c(Cl)c2c1=O,740734,IC50,2.0,1,,10.7270/Q2154NKN,1
Cn1cnc2ccc(Oc3c(F)ccc(NS(=O)(=O)N4CC[C@@H](F)C4)c3Cl)c(F)c2c1=O,740716,IC50,3.0,1,,10.7270/Q2154NKN,1
Cn1cnc2ccc(Oc3c(F)ccc(NS(=O)(=O)N4CC[C@H](F)C4)c3Cl)c(Cl)c2c1=O,740803,IC50,1.0,1,,10.7270/Q2154NKN,1
Cn1ncc(-c2ccc3c(c2)CCC3N=O)c1-c1ccncc1,25620,IC50,0.48,1,18676143,10.1016/j.bmcl.2008.07.002,1
N#Cc1c(NS(=O)(=O)N2CC3(CCC3)C2)ccc(F)c1Oc1ccc2ncn(C3CC3)c(=O)c2c1,756426,IC50,30.0,1,,10.7270/Q2GF104M,0
N#Cc1c(NS(=O)(=O)N2CC3(CCC3)C2)ccc(F)c1Oc1ccc2ncn(CC(F)(F)F)c(=O)c2c1,756423,IC50,30.0,1,,10.7270/Q2GF104M,0
NCCCn1cc(-c2ccc3c(c2)CCC3N=O)c(-c2ccncc2)n1,25634,IC50,0.39,1,18676143,10.1016/j.bmcl.2008.07.002,1
NCCn1cc(-c2ccc3c(c2)CCC3N=O)c(-c2ccncc2)n1,25632,IC50,2.4,1,18676143,10.1016/j.bmcl.2008.07.002,1
O=C(Nc1ccc(F)c(F)c1)N[C@@H]1[C@H]2Oc3ccc(Oc4ccncn4)cc3[C@@H]12,191047,IC50,111000.0,1,,10.7270/Q20Z71F5,0
O=C(Nc1ccc(F)cc1F)N[C@@H]1[C@H]2Oc3ccc(Oc4ccncn4)cc3[C@@H]12,191016,IC50,1098000.0,1,,10.7270/Q20Z71F5,0
O=C1CCc2c(Oc3ccc4c(c3)[C@@H]3[C@H](O4)[C@H]3c3nc4ccc(C(F)(F)F)cc4[nH]3)ccnc2N1,372968,IC50,53.0,1,,10.7270/Q2V40XG6,0
O=C1CCc2c(Oc3ccc4c(c3)[C@H]3[C@H](NC(=O)NCc5ccc(C(F)(F)F)cc5)[C@H]3O4)ccnc2N1,189828,IC50,158000.0,1,,10.7270/Q20Z71F5,0
O=C1CCc2c(Oc3ccc4c(c3)[C@H]3[C@H](NC(=O)Nc5cc(C(F)(F)F)cc(C(F)(F)F)c5)[C@H]3O4)ccnc2N1,189852,IC50,116000.0,1,,10.7270/Q20Z71F5,0
O=C1NN=C2CCCc3[nH]c4cccc1c4c32,207556,IC50,199000.0,1,,10.7270/Q2CN75ZV,0
O=C1NN=C2CN(C(=O)C3CC3)Cc3[nH]c4cccc1c4c32,207602,IC50,180000.0,1,,10.7270/Q2CN75ZV,0
O=NC1CCc2cc(-c3[nH]c(C(=O)NCCN4CCOCC4)nc3-c3ccncc3)ccc21,26047,Kd,1.4,1,18621524,10.1016/j.bmcl.2008.06.070,1
O=NC1CCc2cc(-c3[nH]c(C4CCNCC4)nc3-c3ccncc3)ccc21,26044,Kd,1.7,1,18621524,10.1016/j.bmcl.2008.06.070,1
O=NC1CCc2cc(-c3[nH]c(CN4CCOCC4)nc3-c3ccncc3)ccc21,26046,Kd,16.0,1,18621524,10.1016/j.bmcl.2008.06.070,0
O=NC1CCc2cc(-c3c[nH]nc3-c3ccncc3)ccc21,25618,IC50,0.15,1,18676143,10.1016/j.bmcl.2008.07.002,1
O=NC1CCc2cc(-c3cc(C4CCNCC4)oc3-c3ccncc3)ccc21,26053,Kd,2.4,1,18621524,10.1016/j.bmcl.2008.06.070,1
O=NC1CCc2cc(-c3cc(CN4CCOCC4)oc3-c3ccncc3)ccc21,26056,Kd,7.2,1,18621524,10.1016/j.bmcl.2008.06.070,1
O=NC1CCc2cc(-c3cn(C(CO)CO)nc3-c3ccncc3)ccc21,25631,IC50,0.56,1,18676143,10.1016/j.bmcl.2008.07.002,1
O=NC1CCc2cc(-c3cn(C4CCCC4)nc3-c3ccncc3)ccc21,25622,IC50,3.46,1,18676143,10.1016/j.bmcl.2008.07.002,1
O=NC1CCc2cc(-c3cn(C4CCNCC4)nc3-c3ccncc3)ccc21,25636,IC50,0.03,1,18676143,10.1016/j.bmcl.2008.07.002,1
O=NC1CCc2cc(-c3cn(C4CCOCC4)nc3-c3ccncc3)ccc21,25638,IC50,0.22,1,18676143,10.1016/j.bmcl.2008.07.002,1
O=NC1CCc2cc(-c3cn(CC(O)CO)nc3-c3ccncc3)ccc21,25630,IC50,0.87,1,18676143,10.1016/j.bmcl.2008.07.002,1
O=NC1CCc2cc(-c3cn(CC4CCCNC4)nc3-c3ccncc3)ccc21,25640,IC50,0.85,1,18676143,10.1016/j.bmcl.2008.07.002,1
O=NC1CCc2cc(-c3cn(CC4CCNCC4)nc3-c3ccncc3)ccc21,25639,IC50,1.2,1,18676143,10.1016/j.bmcl.2008.07.002,1
O=NC1CCc2cc(-c3cn(CCCO)nc3-c3ccncc3)ccc21,25629,IC50,0.05,1,18676143,10.1016/j.bmcl.2008.07.002,1
O=NC1CCc2cc(-c3cn(CCO)nc3-c3ccncc3)ccc21,25628,IC50,0.13,1,18676143,10.1016/j.bmcl.2008.07.002,1
O=NC1CCc2cc(-c3cn([C@@H]4CCC[C@@H](O)C4)nc3-c3ccncc3)ccc21,25626,IC50,0.09,1,18676143,10.1016/j.bmcl.2008.07.002,1
O=NC1CCc2cc(-c3cn([C@@H]4CCC[C@@H]4O)nc3-c3ccncc3)ccc21,25623,IC50,3.91,1,18676143,10.1016/j.bmcl.2008.07.002,1
O=NC1CCc2cc(-c3cn([C@@H]4CCC[C@H](O)C4)nc3-c3ccncc3)ccc21,25625,IC50,0.04,1,18676143,10.1016/j.bmcl.2008.07.002,1
O=NC1CCc2cc(-c3cn([C@@H]4CCC[C@H]4O)nc3-c3ccncc3)ccc21,25624,IC50,0.33,1,18676143,10.1016/j.bmcl.2008.07.002,1
O=c1c2c(F)c(Nc3c(F)ccc(NS(=O)(=O)N4CCCC4)c3Cl)ccc2ncn1CF,740738,IC50,2.0,1,,10.7270/Q2154NKN,1
Oc1cc(-c2[nH]c(-c3ccccc3)nc2-c2ccncc2)ccc1Cl,26041,Kd,2.4,1,18621524,10.1016/j.bmcl.2008.06.070,1
Oc1ccc(-c2nc(-c3ccncc3)c(-c3ccc(F)cc3)[nH]2)cc1,13531,Kd,620.0,2,,10.7270/Q2ZK5F2B,0
[2H]C([2H])([2H])O[C@@H]1CCN(S(=O)(=O)Nc2ccc(F)c(Nc3ccc4ncn(C)c(=O)c4c3C)c2Cl)C1,740751,IC50,45.0,1,,10.7270/Q2154NKN,0
[2H]C([2H])([2H])O[C@@H]1CCN(S(=O)(=O)Nc2ccc(F)c(Nc3ccc4ncn(C)c(=O)c4c3Cl)c2Cl)C1,740749,IC50,7.0,1,,10.7270/Q2154NKN,1
[2H]C([2H])([2H])O[C@@H]1CCN(S(=O)(=O)Nc2ccc(F)c(Nc3ccc4ncn(C)c(=O)c4c3F)c2Cl)C1,740750,IC50,17.0,1,,10.7270/Q2154NKN,0
[C]c1ncc([N]C(=O)c2cccc(C(F)(F)F)c2)cc1-c1cnc([C]=C2[C][C]O[C][C]2)c(N2[C][C]O[C][C]2)c1,87966,IC50,1.93,2,,10.7270/Q2MC8X6W,1
