molecule_chembl_id,canonical_smiles,standard_type,standard_value,standard_units,standard_relation,pchembl_value,assay_chembl_id,assay_description,assay_type,target_chembl_id,target_pref_name,target_organism,activity_id,document_chembl_id,document_year,data_validity_comment,potential_duplicate
CHEMBL365261,CC(NC(=O)/C(=C\c1ccco1)NC(=O)c1ccco1)C(=O)O,IC50,10500.0,nM,=,4.98,CHEMBL874439,In vitro inhibition of A disintegrin and metalloprotease domain 10 (ADAM10),B,CHEMBL5028,Disintegrin and metalloproteinase domain-containing protein 10,Homo sapiens,1460283,CHEMBL1137109,2004,,0
CHEMBL19611,CNC(=O)[C@H](Cc1c[nH]c2ccccc12)NC(=O)[C@@H](CC(=O)NO)CC(C)C,IC50,8.1,nM,=,8.09,CHEMBL874439,In vitro inhibition of A disintegrin and metalloprotease domain 10 (ADAM10),B,CHEMBL5028,Disintegrin and metalloproteinase domain-containing protein 10,Homo sapiens,1460555,CHEMBL1137109,2004,,0
CHEMBL221857,O=C(NO)[C@H]1CC2(CC2)CN[C@@H]1C(=O)N1CCN(c2ccccc2)CC1,IC50,120.0,nM,=,6.92,CHEMBL911374,Inhibition of ADAM10,B,CHEMBL5028,Disintegrin and metalloproteinase domain-containing protein 10,Homo sapiens,1815811,CHEMBL1141384,2007,,0
CHEMBL434567,COC(=O)N1CC2(CC2)C[C@H](C(=O)NO)[C@H]1C(=O)N1CC=C(c2ccccc2)CC1,IC50,59.0,nM,=,7.23,CHEMBL911374,Inhibition of ADAM10,B,CHEMBL5028,Disintegrin and metalloproteinase domain-containing protein 10,Homo sapiens,1815826,CHEMBL1141384,2007,,0
CHEMBL219105,CN1CC2(CC2)C[C@H](C(=O)NO)[C@H]1C(=O)N1CC=C(c2ccccc2)CC1,IC50,77.0,nM,=,7.11,CHEMBL911374,Inhibition of ADAM10,B,CHEMBL5028,Disintegrin and metalloproteinase domain-containing protein 10,Homo sapiens,1815827,CHEMBL1141384,2007,,0
CHEMBL387202,CN1CC2(CC2)C[C@H](C(=O)NO)[C@H]1C(=O)N1CCN(c2ccccc2)CC1,IC50,310.0,nM,=,6.51,CHEMBL911374,Inhibition of ADAM10,B,CHEMBL5028,Disintegrin and metalloproteinase domain-containing protein 10,Homo sapiens,1815828,CHEMBL1141384,2007,,0
CHEMBL375418,O=C(NO)[C@H]1CC2(CC2)CN[C@@H]1C(=O)N1CC=C(c2ccccc2)C1,IC50,23.0,nM,=,7.64,CHEMBL911374,Inhibition of ADAM10,B,CHEMBL5028,Disintegrin and metalloproteinase domain-containing protein 10,Homo sapiens,1815829,CHEMBL1141384,2007,,0
CHEMBL221698,O=C(NO)[C@H]1CC2(CC2)CN[C@@H]1C(=O)N1CC[C@H](c2ccccc2)C1,IC50,97.0,nM,=,7.01,CHEMBL911374,Inhibition of ADAM10,B,CHEMBL5028,Disintegrin and metalloproteinase domain-containing protein 10,Homo sapiens,1815830,CHEMBL1141384,2007,,0
CHEMBL426388,O=C(NO)[C@H]1CC2(CC2)CN[C@@H]1C(=O)N1CCN2c3ccccc3CC2C1,IC50,330.0,nM,=,6.48,CHEMBL911374,Inhibition of ADAM10,B,CHEMBL5028,Disintegrin and metalloproteinase domain-containing protein 10,Homo sapiens,1815831,CHEMBL1141384,2007,,0
CHEMBL373853,Cc1cc([N+](=O)[O-])ccc1C1=CCN(C(=O)[C@H]2NCC3(CC3)C[C@@H]2C(=O)NO)CC1,IC50,130.0,nM,=,6.89,CHEMBL911374,Inhibition of ADAM10,B,CHEMBL5028,Disintegrin and metalloproteinase domain-containing protein 10,Homo sapiens,1815832,CHEMBL1141384,2007,,0
CHEMBL221120,Cc1cc([N+](=O)[O-])ccc1N1CCN(C(=O)[C@H]2NCC3(CC3)C[C@@H]2C(=O)NO)CC1,IC50,110.0,nM,=,6.96,CHEMBL911374,Inhibition of ADAM10,B,CHEMBL5028,Disintegrin and metalloproteinase domain-containing protein 10,Homo sapiens,1815833,CHEMBL1141384,2007,,0
CHEMBL218586,CC1=C(c2ccccc2)CCN(C(=O)[C@H]2NCC3(CC3)C[C@@H]2C(=O)NO)C1,IC50,720.0,nM,=,6.14,CHEMBL911374,Inhibition of ADAM10,B,CHEMBL5028,Disintegrin and metalloproteinase domain-containing protein 10,Homo sapiens,1815835,CHEMBL1141384,2007,,0
CHEMBL219104,O=C(NO)[C@H]1CC2(CC2)CN[C@@H]1C(=O)N1CCC(c2ccccc2)CC1,IC50,320.0,nM,=,6.50,CHEMBL911374,Inhibition of ADAM10,B,CHEMBL5028,Disintegrin and metalloproteinase domain-containing protein 10,Homo sapiens,1815836,CHEMBL1141384,2007,,0
CHEMBL373532,O=C(NO)[C@H]1CC2(CC2)CN[C@@H]1C(=O)N1CC=C(c2ccccc2)CC1,IC50,33.0,nM,=,7.48,CHEMBL911374,Inhibition of ADAM10,B,CHEMBL5028,Disintegrin and metalloproteinase domain-containing protein 10,Homo sapiens,1815837,CHEMBL1141384,2007,,0
CHEMBL221537,O=C(NO)[C@H]1CCCN[C@@H]1C(=O)N1CC[C@H](c2ccccc2)C1,IC50,480.0,nM,=,6.32,CHEMBL911374,Inhibition of ADAM10,B,CHEMBL5028,Disintegrin and metalloproteinase domain-containing protein 10,Homo sapiens,1815898,CHEMBL1141384,2007,,0
CHEMBL221857,O=C(NO)[C@H]1CC2(CC2)CN[C@@H]1C(=O)N1CCN(c2ccccc2)CC1,IC50,52.0,nM,=,7.28,CHEMBL927683,Inhibition of HER2 sheddase in BT474 cells by extracellular domain shedding assay,B,CHEMBL5028,Disintegrin and metalloproteinase domain-containing protein 10,Homo sapiens,2072888,CHEMBL1140791,2008,,0
CHEMBL221857,O=C(NO)[C@H]1CC2(CC2)CN[C@@H]1C(=O)N1CCN(c2ccccc2)CC1,IC50,118.0,nM,=,6.93,CHEMBL927684,Binding affinity to ADAM10,B,CHEMBL5028,Disintegrin and metalloproteinase domain-containing protein 10,Homo sapiens,2072889,CHEMBL1140791,2008,,1
CHEMBL373532,O=C(NO)[C@H]1CC2(CC2)CN[C@@H]1C(=O)N1CC=C(c2ccccc2)CC1,IC50,18.0,nM,=,7.75,CHEMBL927683,Inhibition of HER2 sheddase in BT474 cells by extracellular domain shedding assay,B,CHEMBL5028,Disintegrin and metalloproteinase domain-containing protein 10,Homo sapiens,2072894,CHEMBL1140791,2008,,0
CHEMBL252442,COC(=O)N1CC2(CC2)C[C@H](C(=O)NO)[C@H]1C(=O)N1CC=C(c2ccccc2)C1,IC50,26.0,nM,=,7.58,CHEMBL927684,Binding affinity to ADAM10,B,CHEMBL5028,Disintegrin and metalloproteinase domain-containing protein 10,Homo sapiens,2072895,CHEMBL1140791,2008,,0
CHEMBL375418,O=C(NO)[C@H]1CC2(CC2)CN[C@@H]1C(=O)N1CC=C(c2ccccc2)C1,IC50,23.0,nM,=,7.64,CHEMBL927684,Binding affinity to ADAM10,B,CHEMBL5028,Disintegrin and metalloproteinase domain-containing protein 10,Homo sapiens,2072896,CHEMBL1140791,2008,,1
CHEMBL252246,O=C(NO)[C@H]1CC2(CC2)CN[C@@H]1C(=O)N1CCC(c2ccccc2)C1,IC50,97.0,nM,=,7.01,CHEMBL927684,Binding affinity to ADAM10,B,CHEMBL5028,Disintegrin and metalloproteinase domain-containing protein 10,Homo sapiens,2072897,CHEMBL1140791,2008,,0
CHEMBL446457,CS(=O)(=O)N1CC2(CC2)C[C@H](C(=O)NO)[C@H]1C(=O)N1CCN(c2ccccc2)CC1,IC50,27.0,nM,=,7.57,CHEMBL927684,Binding affinity to ADAM10,B,CHEMBL5028,Disintegrin and metalloproteinase domain-containing protein 10,Homo sapiens,2072898,CHEMBL1140791,2008,,0
CHEMBL429669,O=C(NO)[C@H]1CC2(CC2)CN(C(=O)OC2CCOCC2)[C@@H]1C(=O)N1CCN(c2ccccc2)CC1,IC50,37.0,nM,=,7.43,CHEMBL927684,Binding affinity to ADAM10,B,CHEMBL5028,Disintegrin and metalloproteinase domain-containing protein 10,Homo sapiens,2072899,CHEMBL1140791,2008,,0
CHEMBL442443,COC(=O)N1CC2(CC2)C[C@H](C(=O)NO)[C@H]1C(=O)N1CCC(c2ccccc2)CC1,IC50,19.0,nM,=,7.72,CHEMBL927684,Binding affinity to ADAM10,B,CHEMBL5028,Disintegrin and metalloproteinase domain-containing protein 10,Homo sapiens,2072900,CHEMBL1140791,2008,,0
CHEMBL401870,CS(=O)(=O)N1CC2(CC2)C[C@H](C(=O)NO)[C@H]1C(=O)N1C=CC(c2ccccc2)CC1,IC50,51.0,nM,=,7.29,CHEMBL927684,Binding affinity to ADAM10,B,CHEMBL5028,Disintegrin and metalloproteinase domain-containing protein 10,Homo sapiens,2072901,CHEMBL1140791,2008,,0
CHEMBL252877,CC(=O)N1CC2(CC2)C[C@H](C(=O)NO)[C@H]1C(=O)N1C=CC(c2ccccc2)CC1,IC50,40.0,nM,=,7.40,CHEMBL927684,Binding affinity to ADAM10,B,CHEMBL5028,Disintegrin and metalloproteinase domain-containing protein 10,Homo sapiens,2072902,CHEMBL1140791,2008,,0
CHEMBL252678,O=C(NO)[C@H]1CC2(CC2)CN(C(=O)OCc2ccccc2)[C@@H]1C(=O)N1C=CC(c2ccccc2)CC1,IC50,34.0,nM,=,7.47,CHEMBL927684,Binding affinity to ADAM10,B,CHEMBL5028,Disintegrin and metalloproteinase domain-containing protein 10,Homo sapiens,2072903,CHEMBL1140791,2008,,0
CHEMBL403185,CC(C)COC(=O)N1CC2(CC2)C[C@H](C(=O)NO)[C@H]1C(=O)N1C=CC(c2ccccc2)CC1,IC50,19.0,nM,=,7.72,CHEMBL927684,Binding affinity to ADAM10,B,CHEMBL5028,Disintegrin and metalloproteinase domain-containing protein 10,Homo sapiens,2072904,CHEMBL1140791,2008,,0
CHEMBL251865,COC(=O)N1CC2(CC2)C[C@H](C(=O)NO)[C@H]1C(=O)N1C=CC(c2ccccc2)CC1,IC50,59.0,nM,=,7.23,CHEMBL927684,Binding affinity to ADAM10,B,CHEMBL5028,Disintegrin and metalloproteinase domain-containing protein 10,Homo sapiens,2072905,CHEMBL1140791,2008,,0
CHEMBL253460,CC(C)c1cccc(C2CCN(C(=O)[C@H]3NCC4(CC4)C[C@@H]3C(=O)NO)CC2)c1,IC50,16.0,nM,=,7.80,CHEMBL927684,Binding affinity to ADAM10,B,CHEMBL5028,Disintegrin and metalloproteinase domain-containing protein 10,Homo sapiens,2072906,CHEMBL1140791,2008,,0
CHEMBL253256,Cc1cccc(C2CCN(C(=O)[C@H]3NCC4(CC4)C[C@@H]3C(=O)NO)CC2)c1,IC50,194.0,nM,=,6.71,CHEMBL927684,Binding affinity to ADAM10,B,CHEMBL5028,Disintegrin and metalloproteinase domain-containing protein 10,Homo sapiens,2072907,CHEMBL1140791,2008,,0
CHEMBL251848,CC(C)c1cccc(N2CCN(C(=O)[C@H]3NCC4(CC4)C[C@@H]3C(=O)NO)CC2)c1,IC50,1102.0,nM,=,5.96,CHEMBL927684,Binding affinity to ADAM10,B,CHEMBL5028,Disintegrin and metalloproteinase domain-containing protein 10,Homo sapiens,2072908,CHEMBL1140791,2008,,0
CHEMBL251847,O=C(NO)[C@H]1CC2(CC2)CN[C@@H]1C(=O)N1CCN(c2cccc(Cl)c2)CC1,IC50,14.0,nM,=,7.85,CHEMBL927684,Binding affinity to ADAM10,B,CHEMBL5028,Disintegrin and metalloproteinase domain-containing protein 10,Homo sapiens,2072909,CHEMBL1140791,2008,,0
CHEMBL252912,Cc1cc(N2CCN(C(=O)[C@H]3NCC4(CC4)C[C@@H]3C(=O)NO)CC2)ccc1C#N,IC50,38.0,nM,=,7.42,CHEMBL927684,Binding affinity to ADAM10,B,CHEMBL5028,Disintegrin and metalloproteinase domain-containing protein 10,Homo sapiens,2072910,CHEMBL1140791,2008,,0
CHEMBL404132,Cc1cccc(N2CCN(C(=O)[C@H]3NCC4(CC4)C[C@@H]3C(=O)NO)CC2)c1,IC50,187.0,nM,=,6.73,CHEMBL927684,Binding affinity to ADAM10,B,CHEMBL5028,Disintegrin and metalloproteinase domain-containing protein 10,Homo sapiens,2072911,CHEMBL1140791,2008,,0
CHEMBL403022,O=C(NO)[C@H]1CC2(CC2)CN[C@@H]1C(=O)N1CC=C(c2cc(Cl)cc(Cl)c2)CC1,IC50,99.0,nM,=,7.00,CHEMBL927684,Binding affinity to ADAM10,B,CHEMBL5028,Disintegrin and metalloproteinase domain-containing protein 10,Homo sapiens,2072912,CHEMBL1140791,2008,,0
CHEMBL253920,O=C(NO)[C@H]1CC2(CC2)CN[C@@H]1C(=O)N1CC=C(c2cc(F)cc(F)c2)CC1,IC50,15.0,nM,=,7.82,CHEMBL927684,Binding affinity to ADAM10,B,CHEMBL5028,Disintegrin and metalloproteinase domain-containing protein 10,Homo sapiens,2072913,CHEMBL1140791,2008,,0
CHEMBL403380,Cc1cc(C2=CCN(C(=O)[C@H]3NCC4(CC4)C[C@@H]3C(=O)NO)CC2)cc(C)c1C#N,IC50,28.0,nM,=,7.55,CHEMBL927684,Binding affinity to ADAM10,B,CHEMBL5028,Disintegrin and metalloproteinase domain-containing protein 10,Homo sapiens,2072914,CHEMBL1140791,2008,,0
CHEMBL404170,CC(C)c1cc(C2=CCN(C(=O)[C@H]3NCC4(CC4)C[C@@H]3C(=O)NO)CC2)ccc1C#N,IC50,154.0,nM,=,6.81,CHEMBL927684,Binding affinity to ADAM10,B,CHEMBL5028,Disintegrin and metalloproteinase domain-containing protein 10,Homo sapiens,2072915,CHEMBL1140791,2008,,0
CHEMBL252278,Cc1cc(C)cc(C2=CCN(C(=O)[C@H]3NCC4(CC4)C[C@@H]3C(=O)NO)CC2)c1,IC50,85.0,nM,=,7.07,CHEMBL927684,Binding affinity to ADAM10,B,CHEMBL5028,Disintegrin and metalloproteinase domain-containing protein 10,Homo sapiens,2072916,CHEMBL1140791,2008,,0
CHEMBL403161,O=C(NO)[C@H]1CC2(CC2)CN[C@@H]1C(=O)N1CC=C(c2cccc(C3CC3)c2)CC1,IC50,48.0,nM,=,7.32,CHEMBL927684,Binding affinity to ADAM10,B,CHEMBL5028,Disintegrin and metalloproteinase domain-containing protein 10,Homo sapiens,2072917,CHEMBL1140791,2008,,0
CHEMBL252081,CC(C)c1cccc(C2=CCN(C(=O)[C@H]3NCC4(CC4)C[C@@H]3C(=O)NO)CC2)c1,IC50,73.0,nM,=,7.14,CHEMBL927684,Binding affinity to ADAM10,B,CHEMBL5028,Disintegrin and metalloproteinase domain-containing protein 10,Homo sapiens,2072918,CHEMBL1140791,2008,,0
CHEMBL252079,COc1cccc(C2=CCN(C(=O)[C@H]3NCC4(CC4)C[C@@H]3C(=O)NO)CC2)c1,IC50,40.0,nM,=,7.40,CHEMBL927684,Binding affinity to ADAM10,B,CHEMBL5028,Disintegrin and metalloproteinase domain-containing protein 10,Homo sapiens,2072919,CHEMBL1140791,2008,,0
CHEMBL402954,CCc1cccc(C2=CCN(C(=O)[C@H]3NCC4(CC4)C[C@@H]3C(=O)NO)CC2)c1,IC50,33.0,nM,=,7.48,CHEMBL927684,Binding affinity to ADAM10,B,CHEMBL5028,Disintegrin and metalloproteinase domain-containing protein 10,Homo sapiens,2072920,CHEMBL1140791,2008,,0
CHEMBL251884,Cc1cccc(C2=CCN(C(=O)[C@H]3NCC4(CC4)C[C@@H]3C(=O)NO)CC2)c1,IC50,25.0,nM,=,7.60,CHEMBL927684,Binding affinity to ADAM10,B,CHEMBL5028,Disintegrin and metalloproteinase domain-containing protein 10,Homo sapiens,2072921,CHEMBL1140791,2008,,0
CHEMBL219104,O=C(NO)[C@H]1CC2(CC2)CN[C@@H]1C(=O)N1CCC(c2ccccc2)CC1,IC50,324.0,nM,=,6.49,CHEMBL927684,Binding affinity to ADAM10,B,CHEMBL5028,Disintegrin and metalloproteinase domain-containing protein 10,Homo sapiens,2072922,CHEMBL1140791,2008,,1
CHEMBL373532,O=C(NO)[C@H]1CC2(CC2)CN[C@@H]1C(=O)N1CC=C(c2ccccc2)CC1,IC50,33.0,nM,=,7.48,CHEMBL927684,Binding affinity to ADAM10,B,CHEMBL5028,Disintegrin and metalloproteinase domain-containing protein 10,Homo sapiens,2072923,CHEMBL1140791,2008,,1
CHEMBL252442,COC(=O)N1CC2(CC2)C[C@H](C(=O)NO)[C@H]1C(=O)N1CC=C(c2ccccc2)C1,IC50,34.0,nM,=,7.47,CHEMBL927683,Inhibition of HER2 sheddase in BT474 cells by extracellular domain shedding assay,B,CHEMBL5028,Disintegrin and metalloproteinase domain-containing protein 10,Homo sapiens,2073017,CHEMBL1140791,2008,,0
CHEMBL375418,O=C(NO)[C@H]1CC2(CC2)CN[C@@H]1C(=O)N1CC=C(c2ccccc2)C1,IC50,13.0,nM,=,7.89,CHEMBL927683,Inhibition of HER2 sheddase in BT474 cells by extracellular domain shedding assay,B,CHEMBL5028,Disintegrin and metalloproteinase domain-containing protein 10,Homo sapiens,2073018,CHEMBL1140791,2008,,0
CHEMBL404093,COC(=O)N1CC2(CC2)C[C@H](C(=O)NO)[C@H]1C(=O)N1CCC(c2ccccc2)C1,IC50,289.0,nM,=,6.54,CHEMBL927683,Inhibition of HER2 sheddase in BT474 cells by extracellular domain shedding assay,B,CHEMBL5028,Disintegrin and metalloproteinase domain-containing protein 10,Homo sapiens,2073019,CHEMBL1140791,2008,,0
CHEMBL252246,O=C(NO)[C@H]1CC2(CC2)CN[C@@H]1C(=O)N1CCC(c2ccccc2)C1,IC50,92.0,nM,=,7.04,CHEMBL927683,Inhibition of HER2 sheddase in BT474 cells by extracellular domain shedding assay,B,CHEMBL5028,Disintegrin and metalloproteinase domain-containing protein 10,Homo sapiens,2073020,CHEMBL1140791,2008,,0
CHEMBL446457,CS(=O)(=O)N1CC2(CC2)C[C@H](C(=O)NO)[C@H]1C(=O)N1CCN(c2ccccc2)CC1,IC50,45.0,nM,=,7.35,CHEMBL927683,Inhibition of HER2 sheddase in BT474 cells by extracellular domain shedding assay,B,CHEMBL5028,Disintegrin and metalloproteinase domain-containing protein 10,Homo sapiens,2073021,CHEMBL1140791,2008,,0
CHEMBL429669,O=C(NO)[C@H]1CC2(CC2)CN(C(=O)OC2CCOCC2)[C@@H]1C(=O)N1CCN(c2ccccc2)CC1,IC50,26.0,nM,=,7.58,CHEMBL927683,Inhibition of HER2 sheddase in BT474 cells by extracellular domain shedding assay,B,CHEMBL5028,Disintegrin and metalloproteinase domain-containing protein 10,Homo sapiens,2073022,CHEMBL1140791,2008,,0
CHEMBL442443,COC(=O)N1CC2(CC2)C[C@H](C(=O)NO)[C@H]1C(=O)N1CCC(c2ccccc2)CC1,IC50,169.0,nM,=,6.77,CHEMBL927683,Inhibition of HER2 sheddase in BT474 cells by extracellular domain shedding assay,B,CHEMBL5028,Disintegrin and metalloproteinase domain-containing protein 10,Homo sapiens,2073023,CHEMBL1140791,2008,,0
CHEMBL401870,CS(=O)(=O)N1CC2(CC2)C[C@H](C(=O)NO)[C@H]1C(=O)N1C=CC(c2ccccc2)CC1,IC50,93.0,nM,=,7.03,CHEMBL927683,Inhibition of HER2 sheddase in BT474 cells by extracellular domain shedding assay,B,CHEMBL5028,Disintegrin and metalloproteinase domain-containing protein 10,Homo sapiens,2073024,CHEMBL1140791,2008,,0
CHEMBL252877,CC(=O)N1CC2(CC2)C[C@H](C(=O)NO)[C@H]1C(=O)N1C=CC(c2ccccc2)CC1,IC50,72.0,nM,=,7.14,CHEMBL927683,Inhibition of HER2 sheddase in BT474 cells by extracellular domain shedding assay,B,CHEMBL5028,Disintegrin and metalloproteinase domain-containing protein 10,Homo sapiens,2073025,CHEMBL1140791,2008,,0
CHEMBL252678,O=C(NO)[C@H]1CC2(CC2)CN(C(=O)OCc2ccccc2)[C@@H]1C(=O)N1C=CC(c2ccccc2)CC1,IC50,431.0,nM,=,6.37,CHEMBL927683,Inhibition of HER2 sheddase in BT474 cells by extracellular domain shedding assay,B,CHEMBL5028,Disintegrin and metalloproteinase domain-containing protein 10,Homo sapiens,2073026,CHEMBL1140791,2008,,0
CHEMBL403185,CC(C)COC(=O)N1CC2(CC2)C[C@H](C(=O)NO)[C@H]1C(=O)N1C=CC(c2ccccc2)CC1,IC50,150.0,nM,=,6.82,CHEMBL927683,Inhibition of HER2 sheddase in BT474 cells by extracellular domain shedding assay,B,CHEMBL5028,Disintegrin and metalloproteinase domain-containing protein 10,Homo sapiens,2073027,CHEMBL1140791,2008,,0
CHEMBL251865,COC(=O)N1CC2(CC2)C[C@H](C(=O)NO)[C@H]1C(=O)N1C=CC(c2ccccc2)CC1,IC50,68.0,nM,=,7.17,CHEMBL927683,Inhibition of HER2 sheddase in BT474 cells by extracellular domain shedding assay,B,CHEMBL5028,Disintegrin and metalloproteinase domain-containing protein 10,Homo sapiens,2073028,CHEMBL1140791,2008,,0
CHEMBL253460,CC(C)c1cccc(C2CCN(C(=O)[C@H]3NCC4(CC4)C[C@@H]3C(=O)NO)CC2)c1,IC50,139.0,nM,=,6.86,CHEMBL927683,Inhibition of HER2 sheddase in BT474 cells by extracellular domain shedding assay,B,CHEMBL5028,Disintegrin and metalloproteinase domain-containing protein 10,Homo sapiens,2073029,CHEMBL1140791,2008,,0
CHEMBL253256,Cc1cccc(C2CCN(C(=O)[C@H]3NCC4(CC4)C[C@@H]3C(=O)NO)CC2)c1,IC50,689.0,nM,=,6.16,CHEMBL927683,Inhibition of HER2 sheddase in BT474 cells by extracellular domain shedding assay,B,CHEMBL5028,Disintegrin and metalloproteinase domain-containing protein 10,Homo sapiens,2073030,CHEMBL1140791,2008,,0
CHEMBL251847,O=C(NO)[C@H]1CC2(CC2)CN[C@@H]1C(=O)N1CCN(c2cccc(Cl)c2)CC1,IC50,42.0,nM,=,7.38,CHEMBL927683,Inhibition of HER2 sheddase in BT474 cells by extracellular domain shedding assay,B,CHEMBL5028,Disintegrin and metalloproteinase domain-containing protein 10,Homo sapiens,2073032,CHEMBL1140791,2008,,0
CHEMBL252912,Cc1cc(N2CCN(C(=O)[C@H]3NCC4(CC4)C[C@@H]3C(=O)NO)CC2)ccc1C#N,IC50,594.0,nM,=,6.23,CHEMBL927683,Inhibition of HER2 sheddase in BT474 cells by extracellular domain shedding assay,B,CHEMBL5028,Disintegrin and metalloproteinase domain-containing protein 10,Homo sapiens,2073033,CHEMBL1140791,2008,,0
CHEMBL404132,Cc1cccc(N2CCN(C(=O)[C@H]3NCC4(CC4)C[C@@H]3C(=O)NO)CC2)c1,IC50,184.0,nM,=,6.74,CHEMBL927683,Inhibition of HER2 sheddase in BT474 cells by extracellular domain shedding assay,B,CHEMBL5028,Disintegrin and metalloproteinase domain-containing protein 10,Homo sapiens,2073034,CHEMBL1140791,2008,,0
CHEMBL253920,O=C(NO)[C@H]1CC2(CC2)CN[C@@H]1C(=O)N1CC=C(c2cc(F)cc(F)c2)CC1,IC50,24.0,nM,=,7.62,CHEMBL927683,Inhibition of HER2 sheddase in BT474 cells by extracellular domain shedding assay,B,CHEMBL5028,Disintegrin and metalloproteinase domain-containing protein 10,Homo sapiens,2073036,CHEMBL1140791,2008,,0
CHEMBL403380,Cc1cc(C2=CCN(C(=O)[C@H]3NCC4(CC4)C[C@@H]3C(=O)NO)CC2)cc(C)c1C#N,IC50,129.0,nM,=,6.89,CHEMBL927683,Inhibition of HER2 sheddase in BT474 cells by extracellular domain shedding assay,B,CHEMBL5028,Disintegrin and metalloproteinase domain-containing protein 10,Homo sapiens,2073037,CHEMBL1140791,2008,,0
CHEMBL404170,CC(C)c1cc(C2=CCN(C(=O)[C@H]3NCC4(CC4)C[C@@H]3C(=O)NO)CC2)ccc1C#N,IC50,902.0,nM,=,6.04,CHEMBL927683,Inhibition of HER2 sheddase in BT474 cells by extracellular domain shedding assay,B,CHEMBL5028,Disintegrin and metalloproteinase domain-containing protein 10,Homo sapiens,2073038,CHEMBL1140791,2008,,0
CHEMBL252278,Cc1cc(C)cc(C2=CCN(C(=O)[C@H]3NCC4(CC4)C[C@@H]3C(=O)NO)CC2)c1,IC50,86.0,nM,=,7.07,CHEMBL927683,Inhibition of HER2 sheddase in BT474 cells by extracellular domain shedding assay,B,CHEMBL5028,Disintegrin and metalloproteinase domain-containing protein 10,Homo sapiens,2073039,CHEMBL1140791,2008,,0
CHEMBL403161,O=C(NO)[C@H]1CC2(CC2)CN[C@@H]1C(=O)N1CC=C(c2cccc(C3CC3)c2)CC1,IC50,162.0,nM,=,6.79,CHEMBL927683,Inhibition of HER2 sheddase in BT474 cells by extracellular domain shedding assay,B,CHEMBL5028,Disintegrin and metalloproteinase domain-containing protein 10,Homo sapiens,2073040,CHEMBL1140791,2008,,0
CHEMBL252081,CC(C)c1cccc(C2=CCN(C(=O)[C@H]3NCC4(CC4)C[C@@H]3C(=O)NO)CC2)c1,IC50,229.0,nM,=,6.64,CHEMBL927683,Inhibition of HER2 sheddase in BT474 cells by extracellular domain shedding assay,B,CHEMBL5028,Disintegrin and metalloproteinase domain-containing protein 10,Homo sapiens,2073041,CHEMBL1140791,2008,,0
CHEMBL252079,COc1cccc(C2=CCN(C(=O)[C@H]3NCC4(CC4)C[C@@H]3C(=O)NO)CC2)c1,IC50,194.0,nM,=,6.71,CHEMBL927683,Inhibition of HER2 sheddase in BT474 cells by extracellular domain shedding assay,B,CHEMBL5028,Disintegrin and metalloproteinase domain-containing protein 10,Homo sapiens,2073042,CHEMBL1140791,2008,,0
CHEMBL402954,CCc1cccc(C2=CCN(C(=O)[C@H]3NCC4(CC4)C[C@@H]3C(=O)NO)CC2)c1,IC50,240.0,nM,=,6.62,CHEMBL927683,Inhibition of HER2 sheddase in BT474 cells by extracellular domain shedding assay,B,CHEMBL5028,Disintegrin and metalloproteinase domain-containing protein 10,Homo sapiens,2073043,CHEMBL1140791,2008,,0
CHEMBL251884,Cc1cccc(C2=CCN(C(=O)[C@H]3NCC4(CC4)C[C@@H]3C(=O)NO)CC2)c1,IC50,42.0,nM,=,7.38,CHEMBL927683,Inhibition of HER2 sheddase in BT474 cells by extracellular domain shedding assay,B,CHEMBL5028,Disintegrin and metalloproteinase domain-containing protein 10,Homo sapiens,2073044,CHEMBL1140791,2008,,0
CHEMBL219104,O=C(NO)[C@H]1CC2(CC2)CN[C@@H]1C(=O)N1CCC(c2ccccc2)CC1,IC50,137.0,nM,=,6.86,CHEMBL927683,Inhibition of HER2 sheddase in BT474 cells by extracellular domain shedding assay,B,CHEMBL5028,Disintegrin and metalloproteinase domain-containing protein 10,Homo sapiens,2073045,CHEMBL1140791,2008,,0
CHEMBL404093,COC(=O)N1CC2(CC2)C[C@H](C(=O)NO)[C@H]1C(=O)N1CCC(c2ccccc2)C1,IC50,81.0,nM,=,7.09,CHEMBL927684,Binding affinity to ADAM10,B,CHEMBL5028,Disintegrin and metalloproteinase domain-containing protein 10,Homo sapiens,2073046,CHEMBL1140791,2008,,0
CHEMBL254508,O=C(O[C@H]1CCOC1)N1CCC(CS(=O)(=O)N2CC=C(c3ccccc3)C2)(C(=O)NO)CC1,IC50,102.0,nM,=,6.99,CHEMBL927854,Inhibition of HER2 sheddase in human BT474 cells,B,CHEMBL5028,Disintegrin and metalloproteinase domain-containing protein 10,Homo sapiens,2074455,CHEMBL1140810,2008,,0
CHEMBL254508,O=C(O[C@H]1CCOC1)N1CCC(CS(=O)(=O)N2CC=C(c3ccccc3)C2)(C(=O)NO)CC1,IC50,332.0,nM,=,6.48,CHEMBL927855,Inhibition of ADAM10,B,CHEMBL5028,Disintegrin and metalloproteinase domain-containing protein 10,Homo sapiens,2074456,CHEMBL1140810,2008,,0
CHEMBL398743,Cc1cc(C#N)ccc1C1=CCN(S(=O)(=O)CC2(C(=O)NO)CCN(C(=O)OC[C@H]3CCCN3)CC2)CC1,IC50,19.0,nM,=,7.72,CHEMBL927854,Inhibition of HER2 sheddase in human BT474 cells,B,CHEMBL5028,Disintegrin and metalloproteinase domain-containing protein 10,Homo sapiens,2074458,CHEMBL1140810,2008,,0
CHEMBL253652,Cc1cc(C#N)ccc1C1=CCN(S(=O)(=O)CC2(C(=O)NO)CCN(C(=O)OC[C@@H]3CCCN3)CC2)CC1,IC50,27.0,nM,=,7.57,CHEMBL927854,Inhibition of HER2 sheddase in human BT474 cells,B,CHEMBL5028,Disintegrin and metalloproteinase domain-containing protein 10,Homo sapiens,2074459,CHEMBL1140810,2008,,0
CHEMBL400528,Cc1cc(C#N)ccc1C1CCN(S(=O)(=O)CC2(C(=O)NO)CCN(C(=O)OC3CCNC3)CC2)CC1,IC50,13.0,nM,=,7.89,CHEMBL927854,Inhibition of HER2 sheddase in human BT474 cells,B,CHEMBL5028,Disintegrin and metalloproteinase domain-containing protein 10,Homo sapiens,2074460,CHEMBL1140810,2008,,0
CHEMBL253230,Cc1cc(C#N)ccc1C1CCN(S(=O)(=O)CC2(C(=O)NO)CCN(C(=O)OC[C@H]3CCCN3)CC2)CC1,IC50,23.0,nM,=,7.64,CHEMBL927854,Inhibition of HER2 sheddase in human BT474 cells,B,CHEMBL5028,Disintegrin and metalloproteinase domain-containing protein 10,Homo sapiens,2074461,CHEMBL1140810,2008,,0
CHEMBL253021,Cc1cc(C#N)ccc1C1CCN(S(=O)(=O)CC2(C(=O)NO)CCN(C(=O)OC[C@@H]3CCCN3)CC2)CC1,IC50,6.5,nM,=,8.19,CHEMBL927854,Inhibition of HER2 sheddase in human BT474 cells,B,CHEMBL5028,Disintegrin and metalloproteinase domain-containing protein 10,Homo sapiens,2074462,CHEMBL1140810,2008,,0
CHEMBL253020,Cc1ccccc1C1CCN(S(=O)(=O)CC2(C(=O)NO)CCN(C(=O)OC[C@H]3CCCN3)CC2)CC1,IC50,30.0,nM,=,7.52,CHEMBL927854,Inhibition of HER2 sheddase in human BT474 cells,B,CHEMBL5028,Disintegrin and metalloproteinase domain-containing protein 10,Homo sapiens,2074463,CHEMBL1140810,2008,,0
CHEMBL253019,Cc1ccccc1C1CCN(S(=O)(=O)CC2(C(=O)NO)CCN(C(=O)OC[C@@H]3CCCN3)CC2)CC1,IC50,23.0,nM,=,7.64,CHEMBL927854,Inhibition of HER2 sheddase in human BT474 cells,B,CHEMBL5028,Disintegrin and metalloproteinase domain-containing protein 10,Homo sapiens,2074464,CHEMBL1140810,2008,,0
CHEMBL252612,Cc1ccccc1C1CCN(S(=O)(=O)CC2(C(=O)NO)CCN(C(=O)OC3CCNC3)CC2)CC1,IC50,16.0,nM,=,7.80,CHEMBL927854,Inhibition of HER2 sheddase in human BT474 cells,B,CHEMBL5028,Disintegrin and metalloproteinase domain-containing protein 10,Homo sapiens,2074465,CHEMBL1140810,2008,,0
CHEMBL442432,Cc1ccccc1C1CCN(S(=O)(=O)CC2(C(=O)NO)CCN(C(=O)OC3CCCC3O)CC2)CC1,IC50,6.2,nM,=,8.21,CHEMBL927854,Inhibition of HER2 sheddase in human BT474 cells,B,CHEMBL5028,Disintegrin and metalloproteinase domain-containing protein 10,Homo sapiens,2074466,CHEMBL1140810,2008,,0
CHEMBL439405,Cc1ccccc1C1CCN(S(=O)(=O)CC2(C(=O)NO)CCN(C(=O)OC3COCC3(C)C)CC2)CC1,IC50,14.0,nM,=,7.85,CHEMBL927854,Inhibition of HER2 sheddase in human BT474 cells,B,CHEMBL5028,Disintegrin and metalloproteinase domain-containing protein 10,Homo sapiens,2074467,CHEMBL1140810,2008,,0
CHEMBL254492,Cc1ccccc1C1CCN(S(=O)(=O)CC2(C(=O)NO)CCN(C(=O)OC3(C)CCOC3)CC2)CC1,IC50,36.0,nM,=,7.44,CHEMBL927854,Inhibition of HER2 sheddase in human BT474 cells,B,CHEMBL5028,Disintegrin and metalloproteinase domain-containing protein 10,Homo sapiens,2074468,CHEMBL1140810,2008,,0
CHEMBL251830,Cc1cc(C#N)ccc1C1=CCN(S(=O)(=O)CC2(C(=O)NO)CCN(C(=O)O[C@H]3CCOC3)CC2)CC1,IC50,45.0,nM,=,7.35,CHEMBL927854,Inhibition of HER2 sheddase in human BT474 cells,B,CHEMBL5028,Disintegrin and metalloproteinase domain-containing protein 10,Homo sapiens,2074469,CHEMBL1140810,2008,,0
CHEMBL252024,Cc1cc(C#N)ccc1N1CCN(S(=O)(=O)CC2(C(=O)NO)CCN(C(=O)O[C@H]3CCOC3)CC2)CC1,IC50,25.0,nM,=,7.60,CHEMBL927854,Inhibition of HER2 sheddase in human BT474 cells,B,CHEMBL5028,Disintegrin and metalloproteinase domain-containing protein 10,Homo sapiens,2074470,CHEMBL1140810,2008,,0
CHEMBL252023,Cc1ccccc1C1=CCN(S(=O)(=O)CC2(C(=O)NO)CCN(C(=O)O[C@H]3CCOC3)CC2)CC1,IC50,133.0,nM,=,6.88,CHEMBL927854,Inhibition of HER2 sheddase in human BT474 cells,B,CHEMBL5028,Disintegrin and metalloproteinase domain-containing protein 10,Homo sapiens,2074471,CHEMBL1140810,2008,,0
CHEMBL251823,Cc1ccccc1N1CCN(S(=O)(=O)CC2(C(=O)NO)CCN(C(=O)O[C@H]3CCOC3)CC2)CC1,IC50,217.0,nM,=,6.66,CHEMBL927854,Inhibition of HER2 sheddase in human BT474 cells,B,CHEMBL5028,Disintegrin and metalloproteinase domain-containing protein 10,Homo sapiens,2074472,CHEMBL1140810,2008,,0
CHEMBL254510,Cc1cc(C)cc(C2CCN(S(=O)(=O)CC3(C(=O)NO)CCN(C(=O)O[C@H]4CCOC4)CC3)CC2)c1,IC50,833.0,nM,=,6.08,CHEMBL927854,Inhibition of HER2 sheddase in human BT474 cells,B,CHEMBL5028,Disintegrin and metalloproteinase domain-containing protein 10,Homo sapiens,2074473,CHEMBL1140810,2008,,0
CHEMBL254295,Cc1cc(C2CCN(S(=O)(=O)CC3(C(=O)NO)CCN(C(=O)O[C@H]4CCOC4)CC3)CC2)cc(C)c1C#N,IC50,96.0,nM,=,7.02,CHEMBL927854,Inhibition of HER2 sheddase in human BT474 cells,B,CHEMBL5028,Disintegrin and metalloproteinase domain-containing protein 10,Homo sapiens,2074474,CHEMBL1140810,2008,,0
CHEMBL253890,N#Cc1ccc(C2CCN(S(=O)(=O)CC3(C(=O)NO)CCN(C(=O)O[C@H]4CCOC4)CC3)CC2)cc1,IC50,77.0,nM,=,7.11,CHEMBL927854,Inhibition of HER2 sheddase in human BT474 cells,B,CHEMBL5028,Disintegrin and metalloproteinase domain-containing protein 10,Homo sapiens,2074475,CHEMBL1140810,2008,,0
CHEMBL253665,Cc1cc(C#N)ccc1C1CCN(S(=O)(=O)CC2(C(=O)NO)CCN(C(=O)O[C@H]3CCOC3)CC2)CC1,IC50,14.0,nM,=,7.85,CHEMBL927854,Inhibition of HER2 sheddase in human BT474 cells,B,CHEMBL5028,Disintegrin and metalloproteinase domain-containing protein 10,Homo sapiens,2074476,CHEMBL1140810,2008,,0
CHEMBL442291,Cc1cc(F)ccc1C1CCN(S(=O)(=O)CC2(C(=O)NO)CCN(C(=O)O[C@H]3CCOC3)CC2)CC1,IC50,141.0,nM,=,6.85,CHEMBL927854,Inhibition of HER2 sheddase in human BT474 cells,B,CHEMBL5028,Disintegrin and metalloproteinase domain-containing protein 10,Homo sapiens,2074478,CHEMBL1140810,2008,,0
CHEMBL253035,Cc1ccccc1C1CCN(S(=O)(=O)CC2(C(=O)NO)CCN(C(=O)O[C@H]3CCOC3)CC2)CC1,IC50,41.0,nM,=,7.39,CHEMBL927854,Inhibition of HER2 sheddase in human BT474 cells,B,CHEMBL5028,Disintegrin and metalloproteinase domain-containing protein 10,Homo sapiens,2074480,CHEMBL1140810,2008,,0
CHEMBL252627,O=C(O[C@H]1CCOC1)N1CCC(CS(=O)(=O)N2CCC(c3ccccc3F)CC2)(C(=O)NO)CC1,IC50,76.0,nM,=,7.12,CHEMBL927854,Inhibition of HER2 sheddase in human BT474 cells,B,CHEMBL5028,Disintegrin and metalloproteinase domain-containing protein 10,Homo sapiens,2074482,CHEMBL1140810,2008,,0
CHEMBL404409,O=C(O[C@H]1CCOC1)N1CCC(CS(=O)(=O)N2CCC(c3ccccc3)CC2)(C(=O)NO)CC1,IC50,22.0,nM,=,7.66,CHEMBL927854,Inhibition of HER2 sheddase in human BT474 cells,B,CHEMBL5028,Disintegrin and metalloproteinase domain-containing protein 10,Homo sapiens,2074483,CHEMBL1140810,2008,,0
CHEMBL251820,O=C(O[C@H]1CCOC1)N1CCC(CS(=O)(=O)N2CC=C(c3ccccc3)CC2)(C(=O)NO)CC1,IC50,7.1,nM,=,8.15,CHEMBL927854,Inhibition of HER2 sheddase in human BT474 cells,B,CHEMBL5028,Disintegrin and metalloproteinase domain-containing protein 10,Homo sapiens,2074484,CHEMBL1140810,2008,,0
CHEMBL399351,O=C(O[C@H]1CCOC1)N1CCC(CS(=O)(=O)N2CCN(c3ccccc3)CC2)(C(=O)NO)CC1,IC50,13.0,nM,=,7.89,CHEMBL927854,Inhibition of HER2 sheddase in human BT474 cells,B,CHEMBL5028,Disintegrin and metalloproteinase domain-containing protein 10,Homo sapiens,2074485,CHEMBL1140810,2008,,0
CHEMBL254715,O=C(O[C@H]1CCOC1)N1CCC(CS(=O)(=O)N2CCC(c3ccccc3)C2)(C(=O)NO)CC1,IC50,358.0,nM,=,6.45,CHEMBL927854,Inhibition of HER2 sheddase in human BT474 cells,B,CHEMBL5028,Disintegrin and metalloproteinase domain-containing protein 10,Homo sapiens,2074486,CHEMBL1140810,2008,,0
CHEMBL398743,Cc1cc(C#N)ccc1C1=CCN(S(=O)(=O)CC2(C(=O)NO)CCN(C(=O)OC[C@H]3CCCN3)CC2)CC1,IC50,24.0,nM,=,7.62,CHEMBL927855,Inhibition of ADAM10,B,CHEMBL5028,Disintegrin and metalloproteinase domain-containing protein 10,Homo sapiens,2074487,CHEMBL1140810,2008,,0
CHEMBL253652,Cc1cc(C#N)ccc1C1=CCN(S(=O)(=O)CC2(C(=O)NO)CCN(C(=O)OC[C@@H]3CCCN3)CC2)CC1,IC50,34.0,nM,=,7.47,CHEMBL927855,Inhibition of ADAM10,B,CHEMBL5028,Disintegrin and metalloproteinase domain-containing protein 10,Homo sapiens,2074488,CHEMBL1140810,2008,,0
CHEMBL400528,Cc1cc(C#N)ccc1C1CCN(S(=O)(=O)CC2(C(=O)NO)CCN(C(=O)OC3CCNC3)CC2)CC1,IC50,7.8,nM,=,8.11,CHEMBL927855,Inhibition of ADAM10,B,CHEMBL5028,Disintegrin and metalloproteinase domain-containing protein 10,Homo sapiens,2074489,CHEMBL1140810,2008,,0
CHEMBL253230,Cc1cc(C#N)ccc1C1CCN(S(=O)(=O)CC2(C(=O)NO)CCN(C(=O)OC[C@H]3CCCN3)CC2)CC1,IC50,11.0,nM,=,7.96,CHEMBL927855,Inhibition of ADAM10,B,CHEMBL5028,Disintegrin and metalloproteinase domain-containing protein 10,Homo sapiens,2074490,CHEMBL1140810,2008,,0
CHEMBL253021,Cc1cc(C#N)ccc1C1CCN(S(=O)(=O)CC2(C(=O)NO)CCN(C(=O)OC[C@@H]3CCCN3)CC2)CC1,IC50,9.1,nM,=,8.04,CHEMBL927855,Inhibition of ADAM10,B,CHEMBL5028,Disintegrin and metalloproteinase domain-containing protein 10,Homo sapiens,2074491,CHEMBL1140810,2008,,0
CHEMBL253020,Cc1ccccc1C1CCN(S(=O)(=O)CC2(C(=O)NO)CCN(C(=O)OC[C@H]3CCCN3)CC2)CC1,IC50,19.0,nM,=,7.72,CHEMBL927855,Inhibition of ADAM10,B,CHEMBL5028,Disintegrin and metalloproteinase domain-containing protein 10,Homo sapiens,2074492,CHEMBL1140810,2008,,0
CHEMBL253019,Cc1ccccc1C1CCN(S(=O)(=O)CC2(C(=O)NO)CCN(C(=O)OC[C@@H]3CCCN3)CC2)CC1,IC50,34.0,nM,=,7.47,CHEMBL927855,Inhibition of ADAM10,B,CHEMBL5028,Disintegrin and metalloproteinase domain-containing protein 10,Homo sapiens,2074493,CHEMBL1140810,2008,,0
CHEMBL252612,Cc1ccccc1C1CCN(S(=O)(=O)CC2(C(=O)NO)CCN(C(=O)OC3CCNC3)CC2)CC1,IC50,18.0,nM,=,7.75,CHEMBL927855,Inhibition of ADAM10,B,CHEMBL5028,Disintegrin and metalloproteinase domain-containing protein 10,Homo sapiens,2074494,CHEMBL1140810,2008,,0
CHEMBL442432,Cc1ccccc1C1CCN(S(=O)(=O)CC2(C(=O)NO)CCN(C(=O)OC3CCCC3O)CC2)CC1,IC50,16.0,nM,=,7.80,CHEMBL927855,Inhibition of ADAM10,B,CHEMBL5028,Disintegrin and metalloproteinase domain-containing protein 10,Homo sapiens,2074495,CHEMBL1140810,2008,,0
CHEMBL439405,Cc1ccccc1C1CCN(S(=O)(=O)CC2(C(=O)NO)CCN(C(=O)OC3COCC3(C)C)CC2)CC1,IC50,22.0,nM,=,7.66,CHEMBL927855,Inhibition of ADAM10,B,CHEMBL5028,Disintegrin and metalloproteinase domain-containing protein 10,Homo sapiens,2074496,CHEMBL1140810,2008,,0
CHEMBL254492,Cc1ccccc1C1CCN(S(=O)(=O)CC2(C(=O)NO)CCN(C(=O)OC3(C)CCOC3)CC2)CC1,IC50,11.0,nM,=,7.96,CHEMBL927855,Inhibition of ADAM10,B,CHEMBL5028,Disintegrin and metalloproteinase domain-containing protein 10,Homo sapiens,2074497,CHEMBL1140810,2008,,0
CHEMBL251830,Cc1cc(C#N)ccc1C1=CCN(S(=O)(=O)CC2(C(=O)NO)CCN(C(=O)O[C@H]3CCOC3)CC2)CC1,IC50,107.0,nM,=,6.97,CHEMBL927855,Inhibition of ADAM10,B,CHEMBL5028,Disintegrin and metalloproteinase domain-containing protein 10,Homo sapiens,2074498,CHEMBL1140810,2008,,0
CHEMBL252024,Cc1cc(C#N)ccc1N1CCN(S(=O)(=O)CC2(C(=O)NO)CCN(C(=O)O[C@H]3CCOC3)CC2)CC1,IC50,26.0,nM,=,7.58,CHEMBL927855,Inhibition of ADAM10,B,CHEMBL5028,Disintegrin and metalloproteinase domain-containing protein 10,Homo sapiens,2074499,CHEMBL1140810,2008,,0
CHEMBL252023,Cc1ccccc1C1=CCN(S(=O)(=O)CC2(C(=O)NO)CCN(C(=O)O[C@H]3CCOC3)CC2)CC1,IC50,18.0,nM,=,7.75,CHEMBL927855,Inhibition of ADAM10,B,CHEMBL5028,Disintegrin and metalloproteinase domain-containing protein 10,Homo sapiens,2074500,CHEMBL1140810,2008,,0
CHEMBL251823,Cc1ccccc1N1CCN(S(=O)(=O)CC2(C(=O)NO)CCN(C(=O)O[C@H]3CCOC3)CC2)CC1,IC50,107.0,nM,=,6.97,CHEMBL927855,Inhibition of ADAM10,B,CHEMBL5028,Disintegrin and metalloproteinase domain-containing protein 10,Homo sapiens,2074501,CHEMBL1140810,2008,,0
CHEMBL254510,Cc1cc(C)cc(C2CCN(S(=O)(=O)CC3(C(=O)NO)CCN(C(=O)O[C@H]4CCOC4)CC3)CC2)c1,IC50,286.0,nM,=,6.54,CHEMBL927855,Inhibition of ADAM10,B,CHEMBL5028,Disintegrin and metalloproteinase domain-containing protein 10,Homo sapiens,2074502,CHEMBL1140810,2008,,0
CHEMBL254295,Cc1cc(C2CCN(S(=O)(=O)CC3(C(=O)NO)CCN(C(=O)O[C@H]4CCOC4)CC3)CC2)cc(C)c1C#N,IC50,57.0,nM,=,7.24,CHEMBL927855,Inhibition of ADAM10,B,CHEMBL5028,Disintegrin and metalloproteinase domain-containing protein 10,Homo sapiens,2074503,CHEMBL1140810,2008,,0
CHEMBL253890,N#Cc1ccc(C2CCN(S(=O)(=O)CC3(C(=O)NO)CCN(C(=O)O[C@H]4CCOC4)CC3)CC2)cc1,IC50,39.0,nM,=,7.41,CHEMBL927855,Inhibition of ADAM10,B,CHEMBL5028,Disintegrin and metalloproteinase domain-containing protein 10,Homo sapiens,2074504,CHEMBL1140810,2008,,0
CHEMBL253665,Cc1cc(C#N)ccc1C1CCN(S(=O)(=O)CC2(C(=O)NO)CCN(C(=O)O[C@H]3CCOC3)CC2)CC1,IC50,12.0,nM,=,7.92,CHEMBL927855,Inhibition of ADAM10,B,CHEMBL5028,Disintegrin and metalloproteinase domain-containing protein 10,Homo sapiens,2074505,CHEMBL1140810,2008,,0
CHEMBL442291,Cc1cc(F)ccc1C1CCN(S(=O)(=O)CC2(C(=O)NO)CCN(C(=O)O[C@H]3CCOC3)CC2)CC1,IC50,92.0,nM,=,7.04,CHEMBL927855,Inhibition of ADAM10,B,CHEMBL5028,Disintegrin and metalloproteinase domain-containing protein 10,Homo sapiens,2074507,CHEMBL1140810,2008,,0
CHEMBL427717,O=C(O[C@H]1CCOC1)N1CCC(CS(=O)(=O)N2CCC(c3ccccc3C(F)(F)F)CC2)(C(=O)NO)CC1,IC50,1036.0,nM,=,5.99,CHEMBL927855,Inhibition of ADAM10,B,CHEMBL5028,Disintegrin and metalloproteinase domain-containing protein 10,Homo sapiens,2074508,CHEMBL1140810,2008,,0
CHEMBL253035,Cc1ccccc1C1CCN(S(=O)(=O)CC2(C(=O)NO)CCN(C(=O)O[C@H]3CCOC3)CC2)CC1,IC50,18.0,nM,=,7.75,CHEMBL927855,Inhibition of ADAM10,B,CHEMBL5028,Disintegrin and metalloproteinase domain-containing protein 10,Homo sapiens,2074509,CHEMBL1140810,2008,,0
CHEMBL252627,O=C(O[C@H]1CCOC1)N1CCC(CS(=O)(=O)N2CCC(c3ccccc3F)CC2)(C(=O)NO)CC1,IC50,44.0,nM,=,7.36,CHEMBL927855,Inhibition of ADAM10,B,CHEMBL5028,Disintegrin and metalloproteinase domain-containing protein 10,Homo sapiens,2074511,CHEMBL1140810,2008,,0
CHEMBL404409,O=C(O[C@H]1CCOC1)N1CCC(CS(=O)(=O)N2CCC(c3ccccc3)CC2)(C(=O)NO)CC1,IC50,28.0,nM,=,7.55,CHEMBL927855,Inhibition of ADAM10,B,CHEMBL5028,Disintegrin and metalloproteinase domain-containing protein 10,Homo sapiens,2074512,CHEMBL1140810,2008,,0
CHEMBL251820,O=C(O[C@H]1CCOC1)N1CCC(CS(=O)(=O)N2CC=C(c3ccccc3)CC2)(C(=O)NO)CC1,IC50,10.0,nM,=,8.00,CHEMBL927855,Inhibition of ADAM10,B,CHEMBL5028,Disintegrin and metalloproteinase domain-containing protein 10,Homo sapiens,2074513,CHEMBL1140810,2008,,0
CHEMBL399351,O=C(O[C@H]1CCOC1)N1CCC(CS(=O)(=O)N2CCN(c3ccccc3)CC2)(C(=O)NO)CC1,IC50,15.0,nM,=,7.82,CHEMBL927855,Inhibition of ADAM10,B,CHEMBL5028,Disintegrin and metalloproteinase domain-containing protein 10,Homo sapiens,2074514,CHEMBL1140810,2008,,0
CHEMBL254715,O=C(O[C@H]1CCOC1)N1CCC(CS(=O)(=O)N2CCC(c3ccccc3)C2)(C(=O)NO)CC1,IC50,261.0,nM,=,6.58,CHEMBL927855,Inhibition of ADAM10,B,CHEMBL5028,Disintegrin and metalloproteinase domain-containing protein 10,Homo sapiens,2074515,CHEMBL1140810,2008,,0
CHEMBL484261,CC#CCOc1ccc(S(=O)(=O)N[C@@H](C(=O)NO)[C@H](C)O)cc1,IC50,1090.0,nM,=,5.96,CHEMBL953083,Inhibition of ADAM10,B,CHEMBL5028,Disintegrin and metalloproteinase domain-containing protein 10,Homo sapiens,2252871,CHEMBL1141723,2008,,0
CHEMBL497985,CN1CC2(CC2)C[C@H](C(=O)NO)[C@H]1C(=O)N1CCN(c2ccc(C(F)(F)F)cn2)CC1,IC50,97.0,nM,=,7.01,CHEMBL953083,Inhibition of ADAM10,B,CHEMBL5028,Disintegrin and metalloproteinase domain-containing protein 10,Homo sapiens,2253853,CHEMBL1141723,2008,,0
CHEMBL434567,COC(=O)N1CC2(CC2)C[C@H](C(=O)NO)[C@H]1C(=O)N1CC=C(c2ccccc2)CC1,IC50,22.0,nM,=,7.66,CHEMBL953083,Inhibition of ADAM10,B,CHEMBL5028,Disintegrin and metalloproteinase domain-containing protein 10,Homo sapiens,2253861,CHEMBL1141723,2008,,0
CHEMBL491643,Cc1cc(C#N)ccc1N1CCN(S(=O)(=O)CC2(C(=O)NO)CCN(C(=O)O[C@@H]3CCOC3)CC2)CC1,IC50,26.0,nM,=,7.58,CHEMBL953083,Inhibition of ADAM10,B,CHEMBL5028,Disintegrin and metalloproteinase domain-containing protein 10,Homo sapiens,2253867,CHEMBL1141723,2008,,0
CHEMBL252246,O=C(NO)[C@H]1CC2(CC2)CN[C@@H]1C(=O)N1CCC(c2ccccc2)C1,IC50,323.0,nM,=,6.49,CHEMBL1008370,Inhibition of human recombinant ADAM10,B,CHEMBL5028,Disintegrin and metalloproteinase domain-containing protein 10,Homo sapiens,2625783,CHEMBL1136955,2009,,0
CHEMBL445717,O=C(CC1CN[C@H](C(=O)N2CCC(c3ccccc3)C2)[C@@H](C(=O)NO)C1)NCCCCCNC(=O)OCc1ccccc1,IC50,302.0,nM,=,6.52,CHEMBL1008370,Inhibition of human recombinant ADAM10,B,CHEMBL5028,Disintegrin and metalloproteinase domain-containing protein 10,Homo sapiens,2625784,CHEMBL1136955,2009,,0
CHEMBL495797,NCCCCCNC(=O)CC1CN[C@H](C(=O)N2CCC(c3ccccc3)C2)[C@@H](C(=O)NO)C1,IC50,161.0,nM,=,6.79,CHEMBL1008370,Inhibition of human recombinant ADAM10,B,CHEMBL5028,Disintegrin and metalloproteinase domain-containing protein 10,Homo sapiens,2625785,CHEMBL1136955,2009,,0
CHEMBL221857,O=C(NO)[C@H]1CC2(CC2)CN[C@@H]1C(=O)N1CCN(c2ccccc2)CC1,IC50,120.0,nM,=,6.92,CHEMBL1008370,Inhibition of human recombinant ADAM10,B,CHEMBL5028,Disintegrin and metalloproteinase domain-containing protein 10,Homo sapiens,2625786,CHEMBL1136955,2009,,1
CHEMBL495596,O=C(NO)[C@H]1CC(CC(=O)N2CCCC2)CN[C@@H]1C(=O)N1CCN(c2ccccc2)CC1,IC50,19.0,nM,=,7.72,CHEMBL1008370,Inhibition of human recombinant ADAM10,B,CHEMBL5028,Disintegrin and metalloproteinase domain-containing protein 10,Homo sapiens,2625787,CHEMBL1136955,2009,,0
CHEMBL387202,CN1CC2(CC2)C[C@H](C(=O)NO)[C@H]1C(=O)N1CCN(c2ccccc2)CC1,IC50,310.0,nM,=,6.51,CHEMBL1008370,Inhibition of human recombinant ADAM10,B,CHEMBL5028,Disintegrin and metalloproteinase domain-containing protein 10,Homo sapiens,2625788,CHEMBL1136955,2009,,1
CHEMBL496018,CN1CC(CC(=O)N2CCCC2)C[C@H](C(=O)NO)[C@H]1C(=O)N1CCN(c2ccccc2)CC1,IC50,167.0,nM,=,6.78,CHEMBL1008370,Inhibition of human recombinant ADAM10,B,CHEMBL5028,Disintegrin and metalloproteinase domain-containing protein 10,Homo sapiens,2625789,CHEMBL1136955,2009,,0
CHEMBL496211,CN1CC(CC(=O)N2CCCCC2)C[C@H](C(=O)NO)[C@H]1C(=O)N1CCN(c2ccccc2)CC1,IC50,77.0,nM,=,7.11,CHEMBL1008370,Inhibition of human recombinant ADAM10,B,CHEMBL5028,Disintegrin and metalloproteinase domain-containing protein 10,Homo sapiens,2625790,CHEMBL1136955,2009,,0
CHEMBL496212,O=C(NO)[C@H]1CCCC[C@@H]1C(=O)N1CCN(c2ccccc2)CC1,IC50,1545.0,nM,=,5.81,CHEMBL1008370,Inhibition of human recombinant ADAM10,B,CHEMBL5028,Disintegrin and metalloproteinase domain-containing protein 10,Homo sapiens,2625791,CHEMBL1136955,2009,,0
CHEMBL521719,O=C(NO)[C@H]1CC2(CC[C@@H]1C(=O)N1CCN(c3ccccc3)CC1)CC2,IC50,196.0,nM,=,6.71,CHEMBL1008370,Inhibition of human recombinant ADAM10,B,CHEMBL5028,Disintegrin and metalloproteinase domain-containing protein 10,Homo sapiens,2625792,CHEMBL1136955,2009,,0
CHEMBL523076,O=C(NO)[C@H]1CC(CC(=O)N2CCCC2)CC[C@@H]1C(=O)N1CCN(c2ccccc2)CC1,IC50,64.0,nM,=,7.19,CHEMBL1008370,Inhibition of human recombinant ADAM10,B,CHEMBL5028,Disintegrin and metalloproteinase domain-containing protein 10,Homo sapiens,2625793,CHEMBL1136955,2009,,0
CHEMBL497026,O=C(NO)[C@H]1CC(CC(=O)N2CCCCC2)CC[C@@H]1C(=O)N1CCN(c2ccccc2)CC1,IC50,58.0,nM,=,7.24,CHEMBL1008370,Inhibition of human recombinant ADAM10,B,CHEMBL5028,Disintegrin and metalloproteinase domain-containing protein 10,Homo sapiens,2625794,CHEMBL1136955,2009,,0
CHEMBL497222,CN1CCN(C(=O)CC2CC[C@H](C(=O)N3CCN(c4ccccc4)CC3)[C@@H](C(=O)NO)C2)CC1,IC50,30.0,nM,=,7.52,CHEMBL1008370,Inhibition of human recombinant ADAM10,B,CHEMBL5028,Disintegrin and metalloproteinase domain-containing protein 10,Homo sapiens,2625795,CHEMBL1136955,2009,,0
CHEMBL496825,O=C(NO)[C@H]1CC(CC(=O)N2CCOCC2)CC[C@@H]1C(=O)N1CCN(c2ccccc2)CC1,IC50,83.0,nM,=,7.08,CHEMBL1008370,Inhibition of human recombinant ADAM10,B,CHEMBL5028,Disintegrin and metalloproteinase domain-containing protein 10,Homo sapiens,2625796,CHEMBL1136955,2009,,0
CHEMBL497032,O=C(NO)[C@H]1CC(CC(=O)N2CC[C@@H](O)C2)CC[C@@H]1C(=O)N1CCN(c2ccccc2)CC1,IC50,111.0,nM,=,6.96,CHEMBL1008370,Inhibition of human recombinant ADAM10,B,CHEMBL5028,Disintegrin and metalloproteinase domain-containing protein 10,Homo sapiens,2625797,CHEMBL1136955,2009,,0
CHEMBL496628,O=C(NO)[C@H]1C[C@@H](CC(=O)N2CCCCC2)CC[C@@H]1C(=O)N1CCN(c2ccccc2)CC1,IC50,15.0,nM,=,7.82,CHEMBL1008370,Inhibition of human recombinant ADAM10,B,CHEMBL5028,Disintegrin and metalloproteinase domain-containing protein 10,Homo sapiens,2625798,CHEMBL1136955,2009,,0
CHEMBL496629,O=C(NO)[C@H]1C[C@H](CC(=O)N2CCCCC2)CC[C@@H]1C(=O)N1CCN(c2ccccc2)CC1,IC50,165.0,nM,=,6.78,CHEMBL1008370,Inhibition of human recombinant ADAM10,B,CHEMBL5028,Disintegrin and metalloproteinase domain-containing protein 10,Homo sapiens,2625799,CHEMBL1136955,2009,,0
CHEMBL496829,CC(C)c1cccc(C2CCN(C(=O)[C@H]3CC[C@H](CC(=O)N4CCCCC4)C[C@@H]3C(=O)NO)CC2)c1,IC50,21.0,nM,=,7.68,CHEMBL1008370,Inhibition of human recombinant ADAM10,B,CHEMBL5028,Disintegrin and metalloproteinase domain-containing protein 10,Homo sapiens,2625800,CHEMBL1136955,2009,,0
CHEMBL497645,CC(C)c1cccc(C2CCN(C(=O)[C@H]3CC[C@@H](CC(=O)N4CCCCC4)C[C@@H]3C(=O)NO)CC2)c1,IC50,915.0,nM,=,6.04,CHEMBL1008370,Inhibition of human recombinant ADAM10,B,CHEMBL5028,Disintegrin and metalloproteinase domain-containing protein 10,Homo sapiens,2625801,CHEMBL1136955,2009,,0
CHEMBL567893,COC(=O)[C@@H]1CCCN1C(=O)[C@@H](Cc1ccccc1)N(C)C(=O)[C@H](C)NC(=O)[C@@H](NC(=O)C[C@H](O)[C@H](CC(C)C)NC(=O)[C@H](CC(N)=O)NC(=O)[C@H](CC(C)C)NC(=O)[C@H](OC(=O)[C@@H](OC(=O)[C@H](C(C)C)N(C)C)C(C)C)C(C)C)[C@@H](C)O,IC50,10000.0,nM,=,5.00,CHEMBL1039227,Inhibition of ADAM10 after 10 to 15 mins by fluorescence assay,B,CHEMBL5028,Disintegrin and metalloproteinase domain-containing protein 10,Homo sapiens,3003652,CHEMBL1156023,2009,,0
CHEMBL568553,CC[C@H](NC(=O)[C@@H](NC(=O)C[C@H](O)[C@H](CC(C)C)NC(=O)[C@H](CC(N)=O)NC(=O)[C@H](CC(C)C)NC(=O)[C@H](OC(=O)[C@@H](OC(=O)[C@H](C(C)C)N(C)C)C(C)C)C(C)C)[C@@H](C)O)C(=O)N(C)[C@H](Cc1ccccc1)C(=O)N1CCC[C@H]1C(=O)OC,IC50,87200.0,nM,=,4.06,CHEMBL1043698,Inhibition of ADAM10,B,CHEMBL5028,Disintegrin and metalloproteinase domain-containing protein 10,Homo sapiens,3004787,CHEMBL1156023,2009,,0
CHEMBL19611,CNC(=O)[C@H](Cc1c[nH]c2ccccc12)NC(=O)[C@@H](CC(=O)NO)CC(C)C,IC50,263.0,nM,=,6.58,CHEMBL1043698,Inhibition of ADAM10,B,CHEMBL5028,Disintegrin and metalloproteinase domain-containing protein 10,Homo sapiens,3004798,CHEMBL1156023,2009,,0
CHEMBL221698,O=C(NO)[C@H]1CC2(CC2)CN[C@@H]1C(=O)N1CC[C@H](c2ccccc2)C1,IC50,97.0,nM,=,7.01,CHEMBL1043546,Inhibition of ADAM-10,B,CHEMBL5028,Disintegrin and metalloproteinase domain-containing protein 10,Homo sapiens,3008551,CHEMBL1155319,2009,,1
CHEMBL576061,O=C(NO)[C@H]1CC(CC(=O)N2CCCC2)CN[C@@H]1C(=O)N1CC[C@H](c2ccccc2)C1,IC50,14.0,nM,=,7.85,CHEMBL1043546,Inhibition of ADAM-10,B,CHEMBL5028,Disintegrin and metalloproteinase domain-containing protein 10,Homo sapiens,3008552,CHEMBL1155319,2009,,0
CHEMBL567939,CC(C)C(=O)N(C)C1CN[C@H](C(=O)N2CC[C@H](c3ccccc3)C2)[C@@H](C(=O)NO)C1,IC50,138.0,nM,=,6.86,CHEMBL1043546,Inhibition of ADAM-10,B,CHEMBL5028,Disintegrin and metalloproteinase domain-containing protein 10,Homo sapiens,3008554,CHEMBL1155319,2009,,0
CHEMBL584960,CN(C(=O)c1ccccc1)C1CN[C@H](C(=O)N2CC[C@H](c3ccccc3)C2)[C@@H](C(=O)NO)C1,IC50,84.0,nM,=,7.08,CHEMBL1043546,Inhibition of ADAM-10,B,CHEMBL5028,Disintegrin and metalloproteinase domain-containing protein 10,Homo sapiens,3008555,CHEMBL1155319,2009,,0
CHEMBL373532,O=C(NO)[C@H]1CC2(CC2)CN[C@@H]1C(=O)N1CC=C(c2ccccc2)CC1,IC50,33.0,nM,=,7.48,CHEMBL1043546,Inhibition of ADAM-10,B,CHEMBL5028,Disintegrin and metalloproteinase domain-containing protein 10,Homo sapiens,3008556,CHEMBL1155319,2009,,1
CHEMBL569166,O=C(NO)[C@H]1CC(CC(=O)N2CCCC2)CN[C@@H]1C(=O)N1CC=C(c2ccccc2)CC1,IC50,17.0,nM,=,7.77,CHEMBL1043546,Inhibition of ADAM-10,B,CHEMBL5028,Disintegrin and metalloproteinase domain-containing protein 10,Homo sapiens,3008557,CHEMBL1155319,2009,,0
CHEMBL569388,O=C(NO)[C@H]1CC(OC(=O)N2CCCC2)CN[C@@H]1C(=O)N1CC=C(c2ccccc2)CC1,IC50,9.0,nM,=,8.05,CHEMBL1043546,Inhibition of ADAM-10,B,CHEMBL5028,Disintegrin and metalloproteinase domain-containing protein 10,Homo sapiens,3008558,CHEMBL1155319,2009,,0
CHEMBL569853,CC(C)C(=O)N(C)C1CN[C@H](C(=O)N2CC=C(c3ccccc3)CC2)[C@@H](C(=O)NO)C1,IC50,23.0,nM,=,7.64,CHEMBL1043546,Inhibition of ADAM-10,B,CHEMBL5028,Disintegrin and metalloproteinase domain-containing protein 10,Homo sapiens,3008559,CHEMBL1155319,2009,,0
CHEMBL570760,CN(C(=O)c1ccccc1)C1CN[C@H](C(=O)N2CC=C(c3ccccc3)CC2)[C@@H](C(=O)NO)C1,IC50,12.0,nM,=,7.92,CHEMBL1043546,Inhibition of ADAM-10,B,CHEMBL5028,Disintegrin and metalloproteinase domain-containing protein 10,Homo sapiens,3008560,CHEMBL1155319,2009,,0
CHEMBL572301,CC(C)OC(=O)N(C)C1CN[C@H](C(=O)N2CC=C(c3ccccc3)CC2)[C@@H](C(=O)NO)C1,IC50,11.0,nM,=,7.96,CHEMBL1043546,Inhibition of ADAM-10,B,CHEMBL5028,Disintegrin and metalloproteinase domain-containing protein 10,Homo sapiens,3008561,CHEMBL1155319,2009,,0
CHEMBL584120,O=C(NO)[C@H]1C[C@H](OC(=O)N2CCCC2)CN[C@@H]1C(=O)N1CCC(c2ccccc2)CC1,IC50,99.0,nM,=,7.00,CHEMBL1043546,Inhibition of ADAM-10,B,CHEMBL5028,Disintegrin and metalloproteinase domain-containing protein 10,Homo sapiens,3008562,CHEMBL1155319,2009,,0
CHEMBL566233,O=C(NO)[C@H]1C[C@H](OC(=O)N2CCCC2)CN[C@@H]1C(=O)N1CCN(c2ccccc2)CC1,IC50,11.0,nM,=,7.96,CHEMBL1043546,Inhibition of ADAM-10,B,CHEMBL5028,Disintegrin and metalloproteinase domain-containing protein 10,Homo sapiens,3008563,CHEMBL1155319,2009,,0
CHEMBL568346,O=C(NO)[C@H]1C[C@H](OC(=O)N2CCCC2)CN[C@@H]1C(=O)N1CC=C(c2ccccc2)C1,IC50,60.0,nM,=,7.22,CHEMBL1043546,Inhibition of ADAM-10,B,CHEMBL5028,Disintegrin and metalloproteinase domain-containing protein 10,Homo sapiens,3008564,CHEMBL1155319,2009,,0
CHEMBL1204013,Cl.O=C(NO)[C@H]1CC(OC(=O)N2CCCC2)CN[C@@H]1C(=O)N1CC[C@H](c2ccccc2)C1,IC50,83.0,nM,=,7.08,CHEMBL1043546,Inhibition of ADAM-10,B,CHEMBL5028,Disintegrin and metalloproteinase domain-containing protein 10,Homo sapiens,3008565,CHEMBL1155319,2009,,0
CHEMBL586042,O=C(NO)[C@H]1CC(OC(=O)N2CCCC2)CN[C@@H]1C(=O)N1Cc2ccccc2C1,IC50,186.0,nM,=,6.73,CHEMBL1043546,Inhibition of ADAM-10,B,CHEMBL5028,Disintegrin and metalloproteinase domain-containing protein 10,Homo sapiens,3008566,CHEMBL1155319,2009,,0
CHEMBL585299,CN1C[C@@H](OC(=O)N2CCCC2)C[C@H](C(=O)NO)[C@H]1C(=O)N1CCN(c2ccccc2)CC1,IC50,18.0,nM,=,7.75,CHEMBL1043546,Inhibition of ADAM-10,B,CHEMBL5028,Disintegrin and metalloproteinase domain-containing protein 10,Homo sapiens,3008567,CHEMBL1155319,2009,,0
CHEMBL585886,COC(=O)N1C[C@@H](OC(=O)N2CCCC2)C[C@H](C(=O)NO)[C@H]1C(=O)N1CCN(c2ccccc2)CC1,IC50,20.0,nM,=,7.70,CHEMBL1043546,Inhibition of ADAM-10,B,CHEMBL5028,Disintegrin and metalloproteinase domain-containing protein 10,Homo sapiens,3008568,CHEMBL1155319,2009,,0
CHEMBL567940,CN(C)C(=O)O[C@H]1C[C@H](C(=O)NO)[C@@H](C(=O)N2CCN(c3ccccc3)CC2)N(C)C1,IC50,58.0,nM,=,7.24,CHEMBL1043546,Inhibition of ADAM-10,B,CHEMBL5028,Disintegrin and metalloproteinase domain-containing protein 10,Homo sapiens,3008569,CHEMBL1155319,2009,,0
CHEMBL584334,CN1C[C@@H](OC(=O)N2CCC2)C[C@H](C(=O)NO)[C@H]1C(=O)N1CCN(c2ccccc2)CC1,IC50,20.0,nM,=,7.70,CHEMBL1043546,Inhibition of ADAM-10,B,CHEMBL5028,Disintegrin and metalloproteinase domain-containing protein 10,Homo sapiens,3008570,CHEMBL1155319,2009,,0
CHEMBL572091,CN1C[C@@H](OC(=O)N2CC=CC2)C[C@H](C(=O)NO)[C@H]1C(=O)N1CCN(c2ccccc2)CC1,IC50,30.0,nM,=,7.52,CHEMBL1043546,Inhibition of ADAM-10,B,CHEMBL5028,Disintegrin and metalloproteinase domain-containing protein 10,Homo sapiens,3008571,CHEMBL1155319,2009,,0
CHEMBL569389,CN1C[C@@H](OC(=O)N2CCC(F)(F)C2)C[C@H](C(=O)NO)[C@H]1C(=O)N1CCN(c2ccccc2)CC1,IC50,125.0,nM,=,6.90,CHEMBL1043546,Inhibition of ADAM-10,B,CHEMBL5028,Disintegrin and metalloproteinase domain-containing protein 10,Homo sapiens,3008572,CHEMBL1155319,2009,,0
CHEMBL584116,CN1C[C@@H](OC(=O)N2CCCCC2)C[C@H](C(=O)NO)[C@H]1C(=O)N1CCN(c2ccccc2)CC1,IC50,9.6,nM,=,8.02,CHEMBL1043546,Inhibition of ADAM-10,B,CHEMBL5028,Disintegrin and metalloproteinase domain-containing protein 10,Homo sapiens,3008573,CHEMBL1155319,2009,,0
CHEMBL572302,CN1C[C@@H](OC(=O)N2CCCCCC2)C[C@H](C(=O)NO)[C@H]1C(=O)N1CCN(c2ccccc2)CC1,IC50,35.0,nM,=,7.46,CHEMBL1043546,Inhibition of ADAM-10,B,CHEMBL5028,Disintegrin and metalloproteinase domain-containing protein 10,Homo sapiens,3008574,CHEMBL1155319,2009,,0
CHEMBL572045,CN1C[C@@H](OC(=O)N2CCCCCCC2)C[C@H](C(=O)NO)[C@H]1C(=O)N1CCN(c2ccccc2)CC1,IC50,26.0,nM,=,7.58,CHEMBL1043546,Inhibition of ADAM-10,B,CHEMBL5028,Disintegrin and metalloproteinase domain-containing protein 10,Homo sapiens,3008575,CHEMBL1155319,2009,,0
CHEMBL585304,O=C(NO)[C@H]1C[C@@H](OC(=O)N2CCCC2)CN[C@@H]1C(=O)N1CC=C(c2ccccc2)CC1,IC50,78.0,nM,=,7.11,CHEMBL1043546,Inhibition of ADAM-10,B,CHEMBL5028,Disintegrin and metalloproteinase domain-containing protein 10,Homo sapiens,3008650,CHEMBL1155319,2009,,0
CHEMBL568356,NCCCCNC(=O)CC1CN[C@H](C(=O)N2CCC(c3ccccc3)C2)[C@@H](C(=O)NO)C1,IC50,161.0,nM,=,6.79,CHEMBL1043546,Inhibition of ADAM-10,B,CHEMBL5028,Disintegrin and metalloproteinase domain-containing protein 10,Homo sapiens,3008651,CHEMBL1155319,2009,,0
CHEMBL252246,O=C(NO)[C@H]1CC2(CC2)CN[C@@H]1C(=O)N1CCC(c2ccccc2)C1,IC50,323.0,nM,=,6.49,CHEMBL1043546,Inhibition of ADAM-10,B,CHEMBL5028,Disintegrin and metalloproteinase domain-containing protein 10,Homo sapiens,3008652,CHEMBL1155319,2009,,1
CHEMBL605764,O=C(NCCc1cccs1)[C@H](O)[C@@H](O)C(=O)N1CCN(c2ccccc2Cl)CC1,Ki,400.0,nM,=,6.40,CHEMBL1065134,Inhibition of ADAM10,B,CHEMBL5028,Disintegrin and metalloproteinase domain-containing protein 10,Homo sapiens,3093186,CHEMBL1157740,2010,,0
CHEMBL590343,O=C(NCCc1cccs1)[C@H](O)[C@@H](O)C(=O)N1CCCC1c1cccc(Cl)c1,Ki,29.0,nM,=,7.54,CHEMBL1065134,Inhibition of ADAM10,B,CHEMBL5028,Disintegrin and metalloproteinase domain-containing protein 10,Homo sapiens,3093187,CHEMBL1157740,2010,,0
CHEMBL591774,O=C(NCc1cc2ccccc2o1)[C@H](O)[C@@H](O)C(=O)N1CCCC1c1ccccc1,Ki,734.0,nM,=,6.13,CHEMBL1065134,Inhibition of ADAM10,B,CHEMBL5028,Disintegrin and metalloproteinase domain-containing protein 10,Homo sapiens,3093188,CHEMBL1157740,2010,,0
CHEMBL1077203,O=C1NC(=O)[C@](CN2Cc3ccc(Cl)cc3C2=O)(c2ccc(F)cc2)N1,Ki,245.0,nM,=,6.61,CHEMBL1115921,Inhibition of ADAM10,B,CHEMBL5028,Disintegrin and metalloproteinase domain-containing protein 10,Homo sapiens,3188039,CHEMBL1155417,2010,,0
CHEMBL514138,COc1ccc(S(=O)(=O)N(Cc2cccnc2)[C@@H](C(=O)NO)C(C)C)cc1.Cl,IC50,890.0,nM,=,6.05,CHEMBL1103428,Inhibition of human recombinant ADAM10 by fluorometric assay,B,CHEMBL5028,Disintegrin and metalloproteinase domain-containing protein 10,Homo sapiens,3248223,CHEMBL1156274,2010,,0
CHEMBL1093690,CC(=O)NCC[C@@H](NS(=O)(=O)c1ccc(Br)cc1)C(=O)NO,IC50,2300.0,nM,=,5.64,CHEMBL1103428,Inhibition of human recombinant ADAM10 by fluorometric assay,B,CHEMBL5028,Disintegrin and metalloproteinase domain-containing protein 10,Homo sapiens,3248226,CHEMBL1156274,2010,,0
CHEMBL1089842,CC#CCOc1ccc(S(=O)(=O)N[C@H](CCNC(=O)OCc2ccccc2)C(=O)NO)cc1,IC50,240.0,nM,=,6.62,CHEMBL1103428,Inhibition of human recombinant ADAM10 by fluorometric assay,B,CHEMBL5028,Disintegrin and metalloproteinase domain-containing protein 10,Homo sapiens,3248228,CHEMBL1156274,2010,,0
CHEMBL1089843,CC#CCOc1ccc(S(=O)(=O)N[C@H](CCN2C(=O)c3ccccc3C2=O)C(=O)NO)cc1,IC50,190.0,nM,=,6.72,CHEMBL1103428,Inhibition of human recombinant ADAM10 by fluorometric assay,B,CHEMBL5028,Disintegrin and metalloproteinase domain-containing protein 10,Homo sapiens,3248229,CHEMBL1156274,2010,,0
CHEMBL1088878,CC#CCOc1ccc(S(=O)(=O)N(CC(C)C)[C@H](CCN2C(=O)c3ccccc3C2=O)C(=O)NO)cc1,IC50,2000.0,nM,=,5.70,CHEMBL1103428,Inhibition of human recombinant ADAM10 by fluorometric assay,B,CHEMBL5028,Disintegrin and metalloproteinase domain-containing protein 10,Homo sapiens,3248230,CHEMBL1156274,2010,,0
CHEMBL1287851,COc1ccc2c(c1)C(=O)N(C[C@@]1(C#Cc3cccnc3)NC(=O)NC1=O)C2,IC50,22.0,nM,=,7.66,CHEMBL1292826,Inhibition of ADAM10,B,CHEMBL5028,Disintegrin and metalloproteinase domain-containing protein 10,Homo sapiens,3604907,CHEMBL1287807,2010,,0
CHEMBL1770629,C[C@@H](NC(=O)[C@H](O)[C@@H](O)C(=O)N1CCC[C@@H]1c1cccc(Cl)c1)c1ccc(-n2cccn2)cc1,Ki,166.0,nM,=,6.78,CHEMBL1772147,Inhibition of ADAM10,B,CHEMBL5028,Disintegrin and metalloproteinase domain-containing protein 10,Homo sapiens,6176952,CHEMBL1770127,2011,,1
CHEMBL1770649,C[C@@H](NC(=O)[C@H](O)[C@@H](O)C(=O)N1CCC[C@@H]1c1csc(NC2CC2)n1)c1ccc(-n2cccn2)cc1,Ki,1350.0,nM,=,5.87,CHEMBL1772147,Inhibition of ADAM10,B,CHEMBL5028,Disintegrin and metalloproteinase domain-containing protein 10,Homo sapiens,6176953,CHEMBL1770127,2011,,0
CHEMBL1770826,CNc1nc([C@H]2c3ccccc3CN2C(=O)[C@H](O)[C@@H](O)C(=O)N[C@H](C)c2ccc(-n3cccn3)cc2)cs1,Ki,120.0,nM,=,6.92,CHEMBL1772147,Inhibition of ADAM10,B,CHEMBL5028,Disintegrin and metalloproteinase domain-containing protein 10,Homo sapiens,6176954,CHEMBL1770127,2011,,0
CHEMBL1770629,C[C@@H](NC(=O)[C@H](O)[C@@H](O)C(=O)N1CCC[C@@H]1c1cccc(Cl)c1)c1ccc(-n2cccn2)cc1,Ki,166.0,nM,=,6.78,CHEMBL1781550,Inhibition of ADAM10,B,CHEMBL5028,Disintegrin and metalloproteinase domain-containing protein 10,Homo sapiens,6205432,CHEMBL1777681,2010,,0
CHEMBL1779630,O=C(NCc1ccc(-n2cccn2)cc1)[C@H](O)[C@@H](O)C(=O)N1CCCC1c1cccc(Cl)c1,Ki,602.0,nM,=,6.22,CHEMBL1781550,Inhibition of ADAM10,B,CHEMBL5028,Disintegrin and metalloproteinase domain-containing protein 10,Homo sapiens,6205469,CHEMBL1777681,2010,,0
CHEMBL2431028,NC(=O)NCCC[C@@H](NS(=O)(=O)c1ccc(OCc2cc(Br)cc(Br)c2)cc1)C(=O)NO,IC50,150.0,nM,=,6.82,CHEMBL2432396,Inhibition of recombinant human ADAM-10 using Mca-Lys-Pro-Leu-Gly-Leu-Dap(Dnp)-Ala-Arg-NH2 as substrate incubated for 1 hr measured every 15 secs for 20 mins by fluorimetric assay,B,CHEMBL5028,Disintegrin and metalloproteinase domain-containing protein 10,Homo sapiens,13457746,CHEMBL2429772,2013,,0
CHEMBL2431027,O=C(NCCC[C@@H](NS(=O)(=O)c1ccc(OCc2cc(Br)cc(Br)c2)cc1)C(=O)NO)OCc1ccccc1,IC50,300.0,nM,=,6.52,CHEMBL2432396,Inhibition of recombinant human ADAM-10 using Mca-Lys-Pro-Leu-Gly-Leu-Dap(Dnp)-Ala-Arg-NH2 as substrate incubated for 1 hr measured every 15 secs for 20 mins by fluorimetric assay,B,CHEMBL5028,Disintegrin and metalloproteinase domain-containing protein 10,Homo sapiens,13457747,CHEMBL2429772,2013,,0
CHEMBL2431026,O=C(NCC[C@@H](NS(=O)(=O)c1ccc(OCc2cc(Br)cc(Br)c2)cc1)C(=O)NO)OCc1ccccc1,IC50,8200.0,nM,=,5.09,CHEMBL2432396,Inhibition of recombinant human ADAM-10 using Mca-Lys-Pro-Leu-Gly-Leu-Dap(Dnp)-Ala-Arg-NH2 as substrate incubated for 1 hr measured every 15 secs for 20 mins by fluorimetric assay,B,CHEMBL5028,Disintegrin and metalloproteinase domain-containing protein 10,Homo sapiens,13457748,CHEMBL2429772,2013,,0
CHEMBL2431021,O=C(CNS(=O)(=O)c1ccc(OCc2cc(Br)cc(Br)c2)cc1)NO,IC50,39000.0,nM,=,4.41,CHEMBL2432396,Inhibition of recombinant human ADAM-10 using Mca-Lys-Pro-Leu-Gly-Leu-Dap(Dnp)-Ala-Arg-NH2 as substrate incubated for 1 hr measured every 15 secs for 20 mins by fluorimetric assay,B,CHEMBL5028,Disintegrin and metalloproteinase domain-containing protein 10,Homo sapiens,13457749,CHEMBL2429772,2013,,0
CHEMBL3221863,COCc1cc(COc2ccc([C@]3(N)CCN([C@H](CC(C)C)C(=O)NO)C3=O)cc2)c2ccccc2n1,IC50,1211.0,nM,=,5.92,CHEMBL3222371,Inhibition of ADAM10 (unknown origin) using fluorescent substrate by fluorescence-based FRET assay,B,CHEMBL5028,Disintegrin and metalloproteinase domain-containing protein 10,Homo sapiens,14530760,CHEMBL3217463,2011,,0
CHEMBL3221864,COCCc1cc(COc2ccc([C@]3(N)CCN([C@H](CC(C)C)C(=O)NO)C3=O)cc2)c2ccccc2n1,IC50,1199.0,nM,=,5.92,CHEMBL3222371,Inhibition of ADAM10 (unknown origin) using fluorescent substrate by fluorescence-based FRET assay,B,CHEMBL5028,Disintegrin and metalloproteinase domain-containing protein 10,Homo sapiens,14530761,CHEMBL3217463,2011,,0
CHEMBL489100,Cc1cc(COc2ccc([C@]3(N)CCN([C@H](CC(C)C)C(=O)NO)C3=O)cc2)c2ccccc2n1,IC50,480.0,nM,=,6.32,CHEMBL3222371,Inhibition of ADAM10 (unknown origin) using fluorescent substrate by fluorescence-based FRET assay,B,CHEMBL5028,Disintegrin and metalloproteinase domain-containing protein 10,Homo sapiens,14530762,CHEMBL3217463,2011,,0
CHEMBL434567,COC(=O)N1CC2(CC2)C[C@H](C(=O)NO)[C@H]1C(=O)N1CC=C(c2ccccc2)CC1,IC50,22.0,nM,=,7.66,CHEMBL3595699,Inhibition of human ADAM10,B,CHEMBL5028,Disintegrin and metalloproteinase domain-containing protein 10,Homo sapiens,15650573,CHEMBL3593206,2015,,1
CHEMBL3704910,Cc1cc(COc2ccc(C(=O)NC[C@@H](C(=O)NO)N3CCN(S(C)(=O)=O)CC3)cc2)c2ccccc2n1,IC50,5795.0,nM,=,5.24,CHEMBL3707627,"Enzyme Assay: The molecules are tested in dose-response studies on the following enzymes MMP1, MMP3, MMP9, ADAMS and ADAM10 according to the same protocol as that described for the TACE enzyme in example 28 but with different substrates (MMP R&D system reference: P126-990 and ADAM R&D system reference: ES003).",B,CHEMBL5028,Disintegrin and metalloproteinase domain-containing protein 10,Homo sapiens,16287533,CHEMBL3639220,2015,,0
CHEMBL3392650,CC1(C)SCCN(S(=O)(=O)c2ccc(OCC#CCO)cc2)C1C(=O)NO,IC50,71.0,nM,=,7.15,CHEMBL3707627,"Enzyme Assay: The molecules are tested in dose-response studies on the following enzymes MMP1, MMP3, MMP9, ADAMS and ADAM10 according to the same protocol as that described for the TACE enzyme in example 28 but with different substrates (MMP R&D system reference: P126-990 and ADAM R&D system reference: ES003).",B,CHEMBL5028,Disintegrin and metalloproteinase domain-containing protein 10,Homo sapiens,16298080,CHEMBL3639220,2015,,0
CHEMBL3704903,CC#CCOc1ccc(C(=O)NC[C@@H](C(=O)NO)N2CCN(S(C)(=O)=O)CC2)cc1,IC50,942.0,nM,=,6.03,CHEMBL3707627,"Enzyme Assay: The molecules are tested in dose-response studies on the following enzymes MMP1, MMP3, MMP9, ADAMS and ADAM10 according to the same protocol as that described for the TACE enzyme in example 28 but with different substrates (MMP R&D system reference: P126-990 and ADAM R&D system reference: ES003).",B,CHEMBL5028,Disintegrin and metalloproteinase domain-containing protein 10,Homo sapiens,16305775,CHEMBL3639220,2015,,0
CHEMBL1229516,CNC(=O)[C@@H](NC(=O)[C@H](CCCc1ccccc1)[C@H](C)N(O)C=O)C(C)(C)C,IC50,10000.0,nM,=,5.00,CHEMBL3773918,Inhibition of ADAM-10 in human KM-H2 cells assessed as reduction in pervanadate-induced TNFalpha shedding after 24 hrs by ELISA,B,CHEMBL5028,Disintegrin and metalloproteinase domain-containing protein 10,Homo sapiens,16486062,CHEMBL3769331,2016,,0
CHEMBL3770935,Cc1cc(C#N)ccc1N1CCN(S(=O)(=O)N2CSC[C@@H]2C(=O)NO)CC1,IC50,10000.0,nM,=,5.00,CHEMBL3773918,Inhibition of ADAM-10 in human KM-H2 cells assessed as reduction in pervanadate-induced TNFalpha shedding after 24 hrs by ELISA,B,CHEMBL5028,Disintegrin and metalloproteinase domain-containing protein 10,Homo sapiens,16486063,CHEMBL3769331,2016,,0
CHEMBL3770688,Cc1cc(C#N)ccc1N1CCN(S(=O)(=O)N[C@H](CCCNC(=O)OCc2ccccc2)C(=O)NO)CC1,IC50,10000.0,nM,=,5.00,CHEMBL3773918,Inhibition of ADAM-10 in human KM-H2 cells assessed as reduction in pervanadate-induced TNFalpha shedding after 24 hrs by ELISA,B,CHEMBL5028,Disintegrin and metalloproteinase domain-containing protein 10,Homo sapiens,16486064,CHEMBL3769331,2016,,0
CHEMBL2431027,O=C(NCCC[C@@H](NS(=O)(=O)c1ccc(OCc2cc(Br)cc(Br)c2)cc1)C(=O)NO)OCc1ccccc1,IC50,500.0,nM,=,6.30,CHEMBL3773918,Inhibition of ADAM-10 in human KM-H2 cells assessed as reduction in pervanadate-induced TNFalpha shedding after 24 hrs by ELISA,B,CHEMBL5028,Disintegrin and metalloproteinase domain-containing protein 10,Homo sapiens,16486065,CHEMBL3769331,2016,,0
CHEMBL1229516,CNC(=O)[C@@H](NC(=O)[C@H](CCCc1ccccc1)[C@H](C)N(O)C=O)C(C)(C)C,IC50,12000.0,nM,=,4.92,CHEMBL3773917,Inhibition of ADAM-10 in human KM-H2 cells assessed as reduction in pervanadate-induced soluble MICB shedding after 24 hrs by ELISA,B,CHEMBL5028,Disintegrin and metalloproteinase domain-containing protein 10,Homo sapiens,16486066,CHEMBL3769331,2016,,0
CHEMBL3770935,Cc1cc(C#N)ccc1N1CCN(S(=O)(=O)N2CSC[C@@H]2C(=O)NO)CC1,IC50,5000.0,nM,=,5.30,CHEMBL3773917,Inhibition of ADAM-10 in human KM-H2 cells assessed as reduction in pervanadate-induced soluble MICB shedding after 24 hrs by ELISA,B,CHEMBL5028,Disintegrin and metalloproteinase domain-containing protein 10,Homo sapiens,16486067,CHEMBL3769331,2016,,0
CHEMBL3770688,Cc1cc(C#N)ccc1N1CCN(S(=O)(=O)N[C@H](CCCNC(=O)OCc2ccccc2)C(=O)NO)CC1,IC50,7000.0,nM,=,5.16,CHEMBL3773917,Inhibition of ADAM-10 in human KM-H2 cells assessed as reduction in pervanadate-induced soluble MICB shedding after 24 hrs by ELISA,B,CHEMBL5028,Disintegrin and metalloproteinase domain-containing protein 10,Homo sapiens,16486068,CHEMBL3769331,2016,,0
CHEMBL2431027,O=C(NCCC[C@@H](NS(=O)(=O)c1ccc(OCc2cc(Br)cc(Br)c2)cc1)C(=O)NO)OCc1ccccc1,IC50,15000.0,nM,=,4.82,CHEMBL3773917,Inhibition of ADAM-10 in human KM-H2 cells assessed as reduction in pervanadate-induced soluble MICB shedding after 24 hrs by ELISA,B,CHEMBL5028,Disintegrin and metalloproteinase domain-containing protein 10,Homo sapiens,16486069,CHEMBL3769331,2016,,0
CHEMBL1229516,CNC(=O)[C@@H](NC(=O)[C@H](CCCc1ccccc1)[C@H](C)N(O)C=O)C(C)(C)C,IC50,10000.0,nM,=,5.00,CHEMBL3773916,Inhibition of ADAM-10 in human KM-H2 cells assessed as reduction in pervanadate-induced soluble ULBP3 shedding after 24 hrs by ELISA,B,CHEMBL5028,Disintegrin and metalloproteinase domain-containing protein 10,Homo sapiens,16486070,CHEMBL3769331,2016,,0
CHEMBL3770935,Cc1cc(C#N)ccc1N1CCN(S(=O)(=O)N2CSC[C@@H]2C(=O)NO)CC1,IC50,7000.0,nM,=,5.16,CHEMBL3773916,Inhibition of ADAM-10 in human KM-H2 cells assessed as reduction in pervanadate-induced soluble ULBP3 shedding after 24 hrs by ELISA,B,CHEMBL5028,Disintegrin and metalloproteinase domain-containing protein 10,Homo sapiens,16486071,CHEMBL3769331,2016,,0
CHEMBL3770688,Cc1cc(C#N)ccc1N1CCN(S(=O)(=O)N[C@H](CCCNC(=O)OCc2ccccc2)C(=O)NO)CC1,IC50,10000.0,nM,=,5.00,CHEMBL3773916,Inhibition of ADAM-10 in human KM-H2 cells assessed as reduction in pervanadate-induced soluble ULBP3 shedding after 24 hrs by ELISA,B,CHEMBL5028,Disintegrin and metalloproteinase domain-containing protein 10,Homo sapiens,16486072,CHEMBL3769331,2016,,0
CHEMBL2431027,O=C(NCCC[C@@H](NS(=O)(=O)c1ccc(OCc2cc(Br)cc(Br)c2)cc1)C(=O)NO)OCc1ccccc1,IC50,15000.0,nM,=,4.82,CHEMBL3773916,Inhibition of ADAM-10 in human KM-H2 cells assessed as reduction in pervanadate-induced soluble ULBP3 shedding after 24 hrs by ELISA,B,CHEMBL5028,Disintegrin and metalloproteinase domain-containing protein 10,Homo sapiens,16486073,CHEMBL3769331,2016,,0
CHEMBL1229516,CNC(=O)[C@@H](NC(=O)[C@H](CCCc1ccccc1)[C@H](C)N(O)C=O)C(C)(C)C,IC50,27.0,nM,=,7.57,CHEMBL3773749,Inhibition of recombinant human ADAM-10 using Mca-Lys-Pro-Leu-Gly-Leu-Dap(Dnp)-Ala-Arg-NH2 as substrate after 1 hr by fluorometric assay,B,CHEMBL5028,Disintegrin and metalloproteinase domain-containing protein 10,Homo sapiens,16486103,CHEMBL3769331,2016,,0
CHEMBL3770935,Cc1cc(C#N)ccc1N1CCN(S(=O)(=O)N2CSC[C@@H]2C(=O)NO)CC1,IC50,40.0,nM,=,7.40,CHEMBL3773749,Inhibition of recombinant human ADAM-10 using Mca-Lys-Pro-Leu-Gly-Leu-Dap(Dnp)-Ala-Arg-NH2 as substrate after 1 hr by fluorometric assay,B,CHEMBL5028,Disintegrin and metalloproteinase domain-containing protein 10,Homo sapiens,16486104,CHEMBL3769331,2016,,0
CHEMBL3770688,Cc1cc(C#N)ccc1N1CCN(S(=O)(=O)N[C@H](CCCNC(=O)OCc2ccccc2)C(=O)NO)CC1,IC50,9.2,nM,=,8.04,CHEMBL3773749,Inhibition of recombinant human ADAM-10 using Mca-Lys-Pro-Leu-Gly-Leu-Dap(Dnp)-Ala-Arg-NH2 as substrate after 1 hr by fluorometric assay,B,CHEMBL5028,Disintegrin and metalloproteinase domain-containing protein 10,Homo sapiens,16486105,CHEMBL3769331,2016,,0
CHEMBL2431027,O=C(NCCC[C@@H](NS(=O)(=O)c1ccc(OCc2cc(Br)cc(Br)c2)cc1)C(=O)NO)OCc1ccccc1,IC50,300.0,nM,=,6.52,CHEMBL3773749,Inhibition of recombinant human ADAM-10 using Mca-Lys-Pro-Leu-Gly-Leu-Dap(Dnp)-Ala-Arg-NH2 as substrate after 1 hr by fluorometric assay,B,CHEMBL5028,Disintegrin and metalloproteinase domain-containing protein 10,Homo sapiens,16486106,CHEMBL3769331,2016,,1
CHEMBL2431027,O=C(NCCC[C@@H](NS(=O)(=O)c1ccc(OCc2cc(Br)cc(Br)c2)cc1)C(=O)NO)OCc1ccccc1,IC50,10000.0,nM,=,5.00,CHEMBL3773920,Inhibition of ADAM-10 in human L428 cells assessed as reduction in pervanadate-induced soluble ULBP3 shedding after 24 hrs by ELISA,B,CHEMBL5028,Disintegrin and metalloproteinase domain-containing protein 10,Homo sapiens,16486109,CHEMBL3769331,2016,,0
CHEMBL3770688,Cc1cc(C#N)ccc1N1CCN(S(=O)(=O)N[C@H](CCCNC(=O)OCc2ccccc2)C(=O)NO)CC1,IC50,10000.0,nM,=,5.00,CHEMBL3773920,Inhibition of ADAM-10 in human L428 cells assessed as reduction in pervanadate-induced soluble ULBP3 shedding after 24 hrs by ELISA,B,CHEMBL5028,Disintegrin and metalloproteinase domain-containing protein 10,Homo sapiens,16486110,CHEMBL3769331,2016,,0
CHEMBL3770935,Cc1cc(C#N)ccc1N1CCN(S(=O)(=O)N2CSC[C@@H]2C(=O)NO)CC1,IC50,5000.0,nM,=,5.30,CHEMBL3773920,Inhibition of ADAM-10 in human L428 cells assessed as reduction in pervanadate-induced soluble ULBP3 shedding after 24 hrs by ELISA,B,CHEMBL5028,Disintegrin and metalloproteinase domain-containing protein 10,Homo sapiens,16486111,CHEMBL3769331,2016,,0
CHEMBL1229516,CNC(=O)[C@@H](NC(=O)[C@H](CCCc1ccccc1)[C@H](C)N(O)C=O)C(C)(C)C,IC50,15000.0,nM,=,4.82,CHEMBL3773920,Inhibition of ADAM-10 in human L428 cells assessed as reduction in pervanadate-induced soluble ULBP3 shedding after 24 hrs by ELISA,B,CHEMBL5028,Disintegrin and metalloproteinase domain-containing protein 10,Homo sapiens,16486112,CHEMBL3769331,2016,,0
CHEMBL2431027,O=C(NCCC[C@@H](NS(=O)(=O)c1ccc(OCc2cc(Br)cc(Br)c2)cc1)C(=O)NO)OCc1ccccc1,IC50,15000.0,nM,=,4.82,CHEMBL3773921,Inhibition of ADAM-10 in human L428 cells assessed as reduction in pervanadate-induced soluble MICB shedding after 24 hrs by ELISA,B,CHEMBL5028,Disintegrin and metalloproteinase domain-containing protein 10,Homo sapiens,16486113,CHEMBL3769331,2016,,0
CHEMBL3770688,Cc1cc(C#N)ccc1N1CCN(S(=O)(=O)N[C@H](CCCNC(=O)OCc2ccccc2)C(=O)NO)CC1,IC50,7000.0,nM,=,5.16,CHEMBL3773921,Inhibition of ADAM-10 in human L428 cells assessed as reduction in pervanadate-induced soluble MICB shedding after 24 hrs by ELISA,B,CHEMBL5028,Disintegrin and metalloproteinase domain-containing protein 10,Homo sapiens,16486114,CHEMBL3769331,2016,,0
CHEMBL3770935,Cc1cc(C#N)ccc1N1CCN(S(=O)(=O)N2CSC[C@@H]2C(=O)NO)CC1,IC50,5000.0,nM,=,5.30,CHEMBL3773921,Inhibition of ADAM-10 in human L428 cells assessed as reduction in pervanadate-induced soluble MICB shedding after 24 hrs by ELISA,B,CHEMBL5028,Disintegrin and metalloproteinase domain-containing protein 10,Homo sapiens,16486115,CHEMBL3769331,2016,,0
CHEMBL1229516,CNC(=O)[C@@H](NC(=O)[C@H](CCCc1ccccc1)[C@H](C)N(O)C=O)C(C)(C)C,IC50,12000.0,nM,=,4.92,CHEMBL3773921,Inhibition of ADAM-10 in human L428 cells assessed as reduction in pervanadate-induced soluble MICB shedding after 24 hrs by ELISA,B,CHEMBL5028,Disintegrin and metalloproteinase domain-containing protein 10,Homo sapiens,16486116,CHEMBL3769331,2016,,0
CHEMBL2431027,O=C(NCCC[C@@H](NS(=O)(=O)c1ccc(OCc2cc(Br)cc(Br)c2)cc1)C(=O)NO)OCc1ccccc1,IC50,500.0,nM,=,6.30,CHEMBL3773922,Inhibition of ADAM-10 in human L428 cells assessed as reduction in pervanadate-induced TNFalpha shedding after 24 hrs by ELISA,B,CHEMBL5028,Disintegrin and metalloproteinase domain-containing protein 10,Homo sapiens,16486117,CHEMBL3769331,2016,,0
CHEMBL3770688,Cc1cc(C#N)ccc1N1CCN(S(=O)(=O)N[C@H](CCCNC(=O)OCc2ccccc2)C(=O)NO)CC1,IC50,12000.0,nM,=,4.92,CHEMBL3773922,Inhibition of ADAM-10 in human L428 cells assessed as reduction in pervanadate-induced TNFalpha shedding after 24 hrs by ELISA,B,CHEMBL5028,Disintegrin and metalloproteinase domain-containing protein 10,Homo sapiens,16486118,CHEMBL3769331,2016,,0
CHEMBL3770935,Cc1cc(C#N)ccc1N1CCN(S(=O)(=O)N2CSC[C@@H]2C(=O)NO)CC1,IC50,10000.0,nM,=,5.00,CHEMBL3773922,Inhibition of ADAM-10 in human L428 cells assessed as reduction in pervanadate-induced TNFalpha shedding after 24 hrs by ELISA,B,CHEMBL5028,Disintegrin and metalloproteinase domain-containing protein 10,Homo sapiens,16486119,CHEMBL3769331,2016,,0
CHEMBL1229516,CNC(=O)[C@@H](NC(=O)[C@H](CCCc1ccccc1)[C@H](C)N(O)C=O)C(C)(C)C,IC50,5000.0,nM,=,5.30,CHEMBL3773922,Inhibition of ADAM-10 in human L428 cells assessed as reduction in pervanadate-induced TNFalpha shedding after 24 hrs by ELISA,B,CHEMBL5028,Disintegrin and metalloproteinase domain-containing protein 10,Homo sapiens,16486120,CHEMBL3769331,2016,,0
CHEMBL2431027,O=C(NCCC[C@@H](NS(=O)(=O)c1ccc(OCc2cc(Br)cc(Br)c2)cc1)C(=O)NO)OCc1ccccc1,IC50,12000.0,nM,=,4.92,CHEMBL3773924,Inhibition of ADAM-10 in human L540 cells assessed as reduction in pervanadate-induced soluble ULBP3 shedding after 24 hrs by ELISA,B,CHEMBL5028,Disintegrin and metalloproteinase domain-containing protein 10,Homo sapiens,16486125,CHEMBL3769331,2016,,0
CHEMBL3770688,Cc1cc(C#N)ccc1N1CCN(S(=O)(=O)N[C@H](CCCNC(=O)OCc2ccccc2)C(=O)NO)CC1,IC50,10000.0,nM,=,5.00,CHEMBL3773924,Inhibition of ADAM-10 in human L540 cells assessed as reduction in pervanadate-induced soluble ULBP3 shedding after 24 hrs by ELISA,B,CHEMBL5028,Disintegrin and metalloproteinase domain-containing protein 10,Homo sapiens,16486126,CHEMBL3769331,2016,,0
CHEMBL3770935,Cc1cc(C#N)ccc1N1CCN(S(=O)(=O)N2CSC[C@@H]2C(=O)NO)CC1,IC50,7000.0,nM,=,5.16,CHEMBL3773924,Inhibition of ADAM-10 in human L540 cells assessed as reduction in pervanadate-induced soluble ULBP3 shedding after 24 hrs by ELISA,B,CHEMBL5028,Disintegrin and metalloproteinase domain-containing protein 10,Homo sapiens,16486127,CHEMBL3769331,2016,,0
CHEMBL1229516,CNC(=O)[C@@H](NC(=O)[C@H](CCCc1ccccc1)[C@H](C)N(O)C=O)C(C)(C)C,IC50,10000.0,nM,=,5.00,CHEMBL3773924,Inhibition of ADAM-10 in human L540 cells assessed as reduction in pervanadate-induced soluble ULBP3 shedding after 24 hrs by ELISA,B,CHEMBL5028,Disintegrin and metalloproteinase domain-containing protein 10,Homo sapiens,16486128,CHEMBL3769331,2016,,0
CHEMBL2431027,O=C(NCCC[C@@H](NS(=O)(=O)c1ccc(OCc2cc(Br)cc(Br)c2)cc1)C(=O)NO)OCc1ccccc1,IC50,15000.0,nM,=,4.82,CHEMBL3773925,Inhibition of ADAM-10 in human L540 cells assessed as reduction in pervanadate-induced soluble MICB shedding after 24 hrs by ELISA,B,CHEMBL5028,Disintegrin and metalloproteinase domain-containing protein 10,Homo sapiens,16486129,CHEMBL3769331,2016,,0
CHEMBL3770688,Cc1cc(C#N)ccc1N1CCN(S(=O)(=O)N[C@H](CCCNC(=O)OCc2ccccc2)C(=O)NO)CC1,IC50,12000.0,nM,=,4.92,CHEMBL3773925,Inhibition of ADAM-10 in human L540 cells assessed as reduction in pervanadate-induced soluble MICB shedding after 24 hrs by ELISA,B,CHEMBL5028,Disintegrin and metalloproteinase domain-containing protein 10,Homo sapiens,16486130,CHEMBL3769331,2016,,0
CHEMBL3770935,Cc1cc(C#N)ccc1N1CCN(S(=O)(=O)N2CSC[C@@H]2C(=O)NO)CC1,IC50,7000.0,nM,=,5.16,CHEMBL3773925,Inhibition of ADAM-10 in human L540 cells assessed as reduction in pervanadate-induced soluble MICB shedding after 24 hrs by ELISA,B,CHEMBL5028,Disintegrin and metalloproteinase domain-containing protein 10,Homo sapiens,16486131,CHEMBL3769331,2016,,0
CHEMBL1229516,CNC(=O)[C@@H](NC(=O)[C@H](CCCc1ccccc1)[C@H](C)N(O)C=O)C(C)(C)C,IC50,12000.0,nM,=,4.92,CHEMBL3773925,Inhibition of ADAM-10 in human L540 cells assessed as reduction in pervanadate-induced soluble MICB shedding after 24 hrs by ELISA,B,CHEMBL5028,Disintegrin and metalloproteinase domain-containing protein 10,Homo sapiens,16486132,CHEMBL3769331,2016,,0
CHEMBL2431027,O=C(NCCC[C@@H](NS(=O)(=O)c1ccc(OCc2cc(Br)cc(Br)c2)cc1)C(=O)NO)OCc1ccccc1,IC50,1000.0,nM,=,6.00,CHEMBL3773926,Inhibition of ADAM-10 in human L540 cells assessed as reduction in pervanadate-induced TNFalpha shedding after 24 hrs by ELISA,B,CHEMBL5028,Disintegrin and metalloproteinase domain-containing protein 10,Homo sapiens,16486133,CHEMBL3769331,2016,,0
CHEMBL3770688,Cc1cc(C#N)ccc1N1CCN(S(=O)(=O)N[C@H](CCCNC(=O)OCc2ccccc2)C(=O)NO)CC1,IC50,10000.0,nM,=,5.00,CHEMBL3773926,Inhibition of ADAM-10 in human L540 cells assessed as reduction in pervanadate-induced TNFalpha shedding after 24 hrs by ELISA,B,CHEMBL5028,Disintegrin and metalloproteinase domain-containing protein 10,Homo sapiens,16486134,CHEMBL3769331,2016,,0
CHEMBL3770935,Cc1cc(C#N)ccc1N1CCN(S(=O)(=O)N2CSC[C@@H]2C(=O)NO)CC1,IC50,10000.0,nM,=,5.00,CHEMBL3773926,Inhibition of ADAM-10 in human L540 cells assessed as reduction in pervanadate-induced TNFalpha shedding after 24 hrs by ELISA,B,CHEMBL5028,Disintegrin and metalloproteinase domain-containing protein 10,Homo sapiens,16486135,CHEMBL3769331,2016,,0
CHEMBL1229516,CNC(=O)[C@@H](NC(=O)[C@H](CCCc1ccccc1)[C@H](C)N(O)C=O)C(C)(C)C,IC50,7000.0,nM,=,5.16,CHEMBL3773926,Inhibition of ADAM-10 in human L540 cells assessed as reduction in pervanadate-induced TNFalpha shedding after 24 hrs by ELISA,B,CHEMBL5028,Disintegrin and metalloproteinase domain-containing protein 10,Homo sapiens,16486136,CHEMBL3769331,2016,,0
CHEMBL3897740,Cc1cc(COc2ccc(C(=O)NC[C@@H](C(=O)NO)N3CCCCC3)cc2)c2ccccc2n1,IC50,6405.0,nM,=,5.19,CHEMBL3888015,"Inhibition Assay: The molecules are tested in dose-response studies on the following enzymes MMP1, MMP3, MMP9, ADAM9 and ADAM10 according to the same protocol as that described for the TACE enzyme in example 28 but with different substrates (MMP R&D system reference: P126-990 and ADAM R&D system reference: ES003).",B,CHEMBL5028,Disintegrin and metalloproteinase domain-containing protein 10,Homo sapiens,17742390,CHEMBL3886539,2016,,0
CHEMBL3935135,O=C(NC[C@@H](C(=O)NO)N1CCCCC1)c1ccc(OCc2ccncc2)cc1,IC50,3091.0,nM,=,5.51,CHEMBL3888015,"Inhibition Assay: The molecules are tested in dose-response studies on the following enzymes MMP1, MMP3, MMP9, ADAM9 and ADAM10 according to the same protocol as that described for the TACE enzyme in example 28 but with different substrates (MMP R&D system reference: P126-990 and ADAM R&D system reference: ES003).",B,CHEMBL5028,Disintegrin and metalloproteinase domain-containing protein 10,Homo sapiens,17742392,CHEMBL3886539,2016,,0
CHEMBL206815,CC1(C)SCCN(S(=O)(=O)c2ccc(OCC#CCO)cc2)[C@H]1C(=O)NO,IC50,71.0,nM,=,7.15,CHEMBL3888015,"Inhibition Assay: The molecules are tested in dose-response studies on the following enzymes MMP1, MMP3, MMP9, ADAM9 and ADAM10 according to the same protocol as that described for the TACE enzyme in example 28 but with different substrates (MMP R&D system reference: P126-990 and ADAM R&D system reference: ES003).",B,CHEMBL5028,Disintegrin and metalloproteinase domain-containing protein 10,Homo sapiens,17742394,CHEMBL3886539,2016,,1
CHEMBL206815,CC1(C)SCCN(S(=O)(=O)c2ccc(OCC#CCO)cc2)[C@H]1C(=O)NO,IC50,71.0,nM,=,7.15,CHEMBL3888621,"Inhibition Assay: The molecules are dose-response tested on the following enzymes: MMP1, MMP3, MMP9, ADAM9 and ADAM10, according to the same protocol as that described for the TACE enzyme in example 28, but with different substrates (MMP R&D systems, reference: P126-990, and ADAM R&D systems, reference: ES003).",B,CHEMBL5028,Disintegrin and metalloproteinase domain-containing protein 10,Homo sapiens,17775961,CHEMBL3886782,2016,,0
CHEMBL4078433,COc1ccc(S(=O)(=O)N(CC(=O)NO)Cc2cccc(C(=O)O)c2)cc1,IC50,11700.0,nM,=,4.93,CHEMBL4018054,Inhibition of recombinant human C-terminal His10-tagged ADAM10 expressed in baculovirus infected Sf21 cells using Abz-LANAVRSSSR-(DapDnp)-NH2 as substrate by fluorescence assay,A,CHEMBL5028,Disintegrin and metalloproteinase domain-containing protein 10,Homo sapiens,18083414,CHEMBL4017469,2017,,0
CHEMBL4092752,COc1ccc2c(c1)C(=O)N(C[C@@]1(c3cc4cnccc4o3)NC(=O)NC1=O)C2,IC50,144.0,nM,=,6.84,CHEMBL4022530,Inhibition of ADAM10 (unknown origin),B,CHEMBL5028,Disintegrin and metalloproteinase domain-containing protein 10,Homo sapiens,18104412,CHEMBL4020802,2017,,0
CHEMBL4167357,O=C(NO)[C@H]1C[C@H](OC(=O)N2CCCC2)CC[C@@H]1C(=O)N1CCC(c2ccccc2)CC1,Ki,73.0,nM,=,7.14,CHEMBL4151335,Inhibition of recombinant human C-terminal His10-tagged ADAM10 (Thr214 to Glu672 residues) expressed in baculovirus infected Sf21 cells using McaKPLGL-Dpa-AR-NH2 as substrate by fluorescence spectrophotometric method,B,CHEMBL5028,Disintegrin and metalloproteinase domain-containing protein 10,Homo sapiens,18407500,CHEMBL4145666,2018,,0
CHEMBL4215407,Cc1cc(COc2ccc(S(=O)(=O)N(C)C3(C(=O)NO)CN(C(=O)C(C)C)C3)cc2)c2ccccc2n1,IC50,950.0,nM,=,6.02,CHEMBL4186132,Inhibition of ADAM10 (unknown origin),A,CHEMBL5028,Disintegrin and metalloproteinase domain-containing protein 10,Homo sapiens,18485306,CHEMBL4184149,2018,,0
CHEMBL4208519,Cc1cc(COc2ccc(S(=O)(=O)N(C)C3(C(=O)NO)CN(C(=O)CC(C)C)C3)cc2)c2ccccc2n1,IC50,1300.0,nM,=,5.89,CHEMBL4186132,Inhibition of ADAM10 (unknown origin),A,CHEMBL5028,Disintegrin and metalloproteinase domain-containing protein 10,Homo sapiens,18485307,CHEMBL4184149,2018,,0
CHEMBL4435465,CNC(=O)[C@@H](NC(=O)[C@H](CCCc1ccccc1)[C@H](C)N(O)C(C)=O)C(C)(C)C,IC50,5.3,nM,=,8.28,CHEMBL4428337,Inhibition of ADAM10 (unknown origin) assessed as blockage of TNF-alpha shedding,B,CHEMBL5028,Disintegrin and metalloproteinase domain-containing protein 10,Homo sapiens,19427654,CHEMBL4428029,2016,,0
CHEMBL4873384,O=C1NC(=O)[C@@H](CCC(=O)N2CCN(c3cc(Cl)cc(Cl)c3)CC2)N1,IC50,18000.0,nM,=,4.75,CHEMBL4835180,Inhibition of ADAM-10 (unknown origin),B,CHEMBL5028,Disintegrin and metalloproteinase domain-containing protein 10,Homo sapiens,23270326,CHEMBL4834410,2021,,0
CHEMBL434567,COC(=O)N1CC2(CC2)C[C@H](C(=O)NO)[C@H]1C(=O)N1CC=C(c2ccccc2)CC1,IC50,22.0,nM,=,7.66,CHEMBL5152109,"Inhibition of human ADAM10 using (7-methoxycour-marin-4-yl)-acetyl-Pro-Leu-Ala-Gln-Ala-Val-(3-[2,4-dinitrophenyl]- L -2, 3-diaminopropionyl)-Arg-Ser-Ser-Ser-Arg-NH2 as a substrate",B,CHEMBL5028,Disintegrin and metalloproteinase domain-containing protein 10,Homo sapiens,24867621,CHEMBL5150007,2021,,1
CHEMBL5206579,CNC(=O)[C@@H](NC(=O)C(CCCc1ccccc1)[C@H](C)N(O)C=O)C(C)(C)C,IC50,5.3,nM,=,8.28,CHEMBL5152111,Inhibition of human ADAM10 using (biotin-SPLAQAVRSSSRTP(3H)S-NH2) as a substrate by streptavidin-coated scintillation proximity assay,B,CHEMBL5028,Disintegrin and metalloproteinase domain-containing protein 10,Homo sapiens,24867623,CHEMBL5150007,2021,,0
CHEMBL5267938,O=C(CCCNC(=O)c1cccc(C(=O)NCCCC(=O)NCCC[C@@H](NS(=O)(=O)c2ccc(OCc3cc(Br)cc(Br)c3)cc2)C(=O)NO)c1)NCCC[C@@H](NS(=O)(=O)c1ccc(OCc2cc(Br)cc(Br)c2)cc1)C(=O)NO,IC50,30600.0,nM,=,4.51,CHEMBL5229264,Inhibition of human recombinant ADAM10 expressed in baculovorus-infected Sf21 cells using Mca-Lys-Pro-Leu-Gly-Leu-Dap(Dnp)-Ala-Arg-NH2 as substrate preincubated with enzyme for 1 hr followed by substrate addition and measured every 10 secs for 15 mins by fluorescence based analysis,B,CHEMBL5028,Disintegrin and metalloproteinase domain-containing protein 10,Homo sapiens,24989480,CHEMBL5226358,2021,,0
CHEMBL5283335,O=C(NCCC[C@@H](NS(=O)(=O)c1ccc(OCc2cc(Br)cc(Br)c2)cc1)C(=O)NO)c1cccc(C(=O)NCCC[C@@H](NS(=O)(=O)c2ccc(OCc3cc(Br)cc(Br)c3)cc2)C(=O)NO)c1,IC50,10000.0,nM,=,5.00,CHEMBL5229264,Inhibition of human recombinant ADAM10 expressed in baculovorus-infected Sf21 cells using Mca-Lys-Pro-Leu-Gly-Leu-Dap(Dnp)-Ala-Arg-NH2 as substrate preincubated with enzyme for 1 hr followed by substrate addition and measured every 10 secs for 15 mins by fluorescence based analysis,B,CHEMBL5028,Disintegrin and metalloproteinase domain-containing protein 10,Homo sapiens,24989481,CHEMBL5226358,2021,,0
CHEMBL5276957,O=C(NCCC[C@@H](NS(=O)(=O)c1ccc(OCc2cc(Br)cc(Br)c2)cc1)C(=O)NO)NCCC[C@@H](NS(=O)(=O)c1ccc(OCc2cc(Br)cc(Br)c2)cc1)C(=O)NO,IC50,27400.0,nM,=,4.56,CHEMBL5229264,Inhibition of human recombinant ADAM10 expressed in baculovorus-infected Sf21 cells using Mca-Lys-Pro-Leu-Gly-Leu-Dap(Dnp)-Ala-Arg-NH2 as substrate preincubated with enzyme for 1 hr followed by substrate addition and measured every 10 secs for 15 mins by fluorescence based analysis,B,CHEMBL5028,Disintegrin and metalloproteinase domain-containing protein 10,Homo sapiens,24989482,CHEMBL5226358,2021,,0
CHEMBL2431028,NC(=O)NCCC[C@@H](NS(=O)(=O)c1ccc(OCc2cc(Br)cc(Br)c2)cc1)C(=O)NO,IC50,150.0,nM,=,6.82,CHEMBL5229264,Inhibition of human recombinant ADAM10 expressed in baculovorus-infected Sf21 cells using Mca-Lys-Pro-Leu-Gly-Leu-Dap(Dnp)-Ala-Arg-NH2 as substrate preincubated with enzyme for 1 hr followed by substrate addition and measured every 10 secs for 15 mins by fluorescence based analysis,B,CHEMBL5028,Disintegrin and metalloproteinase domain-containing protein 10,Homo sapiens,24989483,CHEMBL5226358,2021,,1
CHEMBL5575976,Cn1nccc1[C@]1(CNC(=O)c2ccc(F)c(F)c2-c2ccc(C(F)(F)F)cc2)NC(=O)NC1=O,IC50,32802.0,nM,=,4.48,CHEMBL5723917,IC50 of hADAM10 at 1.0 µM in the Bayer in-house protease panel,B,CHEMBL5028,Disintegrin and metalloproteinase domain-containing protein 10,Homo sapiens,26336365,CHEMBL5723583,2024,,0
